iso3,name,scope,region,income,score_status,cdi,missing_indicators,gni_value,gni_year,gni_status,pct_value,pct_year,pct_status,nature_value,nature_year,nature_status,hcr_value,hcr_year,hcr_status,life_value,life_year,life_status,electricity_value,electricity_year,electricity_status,internet_value,internet_year,internet_status,lpi_value,lpi_year,lpi_status,water_value,water_year,water_status
ABW,Aruba,extended_economy_or_territory,Latin America & Caribbean ,High income,insufficient_data,,internet;lpi;water,48900.0,2024,observed,0,2024,inferred_zero,0.03,2024,observed,0,2025,inferred_zero,76.5,2024,observed,7361,2022,substituted_alternative_source,,,missing,,,missing,,,missing
AFG,Afghanistan,sovereign_195,"Middle East, North Africa, Afghanistan & Pakistan",Low income,calculated_with_substitution_or_inference,26.6554,,2250.0,2024,observed,0,2024,inferred_zero,1.23,2024,observed,0,2025,inferred_zero,66.289,2024,observed,144.2,2022,substituted_alternative_source,16.09499931,2024,observed,1.9,2023,observed,80.8324374493852,2024,observed
AGO,Angola,sovereign_195,Sub-Saharan Africa ,Lower middle income,calculated_with_substitution_or_inference,36.607,,9330.0,2024,observed,0,2024,inferred_zero,0.92,2024,observed,0,2025,inferred_zero,64.805,2024,observed,379.103010494775,2023,observed,40.70479965,2024,observed,2.1,2023,observed,67.9607422242112,2024,observed
ALB,Albania,sovereign_195,Europe & Central Asia,Upper middle income,calculated_with_substitution_or_inference,57.575,,26500.0,2024,observed,9,2024,observed,0.56,2024,observed,0,2025,inferred_zero,79.776,2024,observed,2891.78648050428,2023,observed,85.86389923,2024,observed,2.5,2023,observed,95.1194270680062,2024,observed
AND,Andorra,sovereign_195,Europe & Central Asia,High income,insufficient_data,,lpi,76550.0,2024,observed,3,2024,observed,0,2024,inferred_zero,0,2025,inferred_zero,84.188,2024,observed,5922.5,2022,substituted_alternative_source,94.39759827,2024,observed,,,missing,100.0,2024,observed
ARE,United Arab Emirates,sovereign_195,"Middle East, North Africa, Afghanistan & Pakistan",High income,fully_observed,80.1615,,81640.0,2024,observed,164,2024,observed,100.63,2024,observed,7,2025,observed,83.069,2024,observed,15284.7010578561,2023,observed,100.0,2024,observed,4.0,2023,observed,100.0,2024,observed
ARG,Argentina,sovereign_195,Latin America & Caribbean ,Upper middle income,insufficient_data,,water,29850.0,2024,observed,28,2024,observed,125.2,2024,observed,2,2025,observed,77.543,2024,observed,2821.77233232234,2023,observed,89.66715228,2024,observed,2.8,2023,observed,,,missing
ARM,Armenia,sovereign_195,Europe & Central Asia,Upper middle income,calculated_with_substitution_or_inference,56.6852,,22050.0,2024,observed,4,2024,observed,7.24,2024,observed,0,2025,inferred_zero,78.319512195122,2024,observed,2386.06079006848,2023,observed,81.33930206,2024,observed,2.5,2023,observed,99.9315721509168,2024,observed
ASM,American Samoa,extended_economy_or_territory,East Asia & Pacific,High income,insufficient_data,,gni;internet;lpi,,,missing,0,2024,inferred_zero,0,2024,inferred_zero,0,2025,inferred_zero,72.992,2024,observed,3292.2,2022,substituted_alternative_source,,,missing,,,missing,100.0,2024,observed
ATG,Antigua and Barbuda,sovereign_195,Latin America & Caribbean ,High income,calculated_with_substitution_or_inference,57.6661,,31870.0,2024,observed,6,2024,observed,0.01,2024,observed,0,2025,inferred_zero,77.766,2024,observed,3392.9,2022,substituted_alternative_source,72.73040009,2024,observed,2.9,2023,observed,98.9227269324043,2024,observed
AUS,Australia,sovereign_195,East Asia & Pacific,High income,fully_observed,86.9054,,69600.0,2024,observed,1559,2024,observed,1870.17,2024,observed,305,2025,observed,83.0512195121951,2024,observed,9819.87119092096,2023,observed,96.13140106,2024,observed,3.7,2023,observed,99.9696359649334,2024,observed
AUT,Austria,sovereign_195,Europe & Central Asia,High income,fully_observed,84.4494,,75630.0,2024,observed,1526,2024,observed,540.25,2024,observed,57,2025,observed,81.9951219512195,2024,observed,7860.14877086687,2023,observed,94.91974877,2024,observed,4.0,2023,observed,99.9999971947745,2024,observed
AZE,Azerbaijan,sovereign_195,Europe & Central Asia,Upper middle income,calculated_with_substitution_or_inference,57.2154,,24280.0,2024,observed,8,2024,observed,8.39,2024,observed,0,2025,inferred_zero,74.576,2024,observed,2366.9587760753,2023,observed,90.43979645,2024,observed,2.448376,2014,substituted_older_year,97.6880841665339,2024,observed
BDI,Burundi,sovereign_195,Sub-Saharan Africa ,Low income,calculated_with_substitution_or_inference,19.7241,,1190.0,2024,observed,0,2024,inferred_zero,0,2024,inferred_zero,0,2025,inferred_zero,63.818,2024,observed,24.8,2022,substituted_alternative_source,8.595999718,2024,observed,2.06,2018,substituted_older_year,65.9191041847553,2024,observed
BEL,Belgium,sovereign_195,Europe & Central Asia,High income,fully_observed,84.6462,,75480.0,2024,observed,1310,2024,observed,632.29,2024,observed,82,2025,observed,82.3,2024,observed,6931.1013819588,2023,observed,95.77579144,2024,observed,4.0,2023,observed,100.0,2024,observed
BEN,Benin,sovereign_195,Sub-Saharan Africa ,Lower middle income,calculated_with_substitution_or_inference,31.2804,,4400.0,2024,observed,0,2024,inferred_zero,1.42,2024,observed,0,2025,inferred_zero,60.961,2024,observed,114.662043901248,2023,observed,33.98379898,2024,observed,2.9,2023,observed,69.5868397867067,2024,observed
BFA,Burkina Faso,sovereign_195,Sub-Saharan Africa ,Low income,calculated_with_substitution_or_inference,28.1677,,2730.0,2024,observed,1,2024,observed,7.15,2024,observed,0,2025,inferred_zero,61.292,2024,observed,133.328839818471,2023,observed,28.25270081,2024,observed,2.3,2023,observed,49.9986600107497,2024,observed
BGD,Bangladesh,sovereign_195,South Asia,Lower middle income,calculated_with_substitution_or_inference,47.515,,10080.0,2024,observed,0,2024,inferred_zero,49.65,2024,observed,1,2025,observed,74.93,2024,observed,602.897385671726,2023,observed,53.42171316,2024,observed,2.6,2023,observed,98.7825421934741,2024,observed
BGR,Bulgaria,sovereign_195,Europe & Central Asia,High income,fully_observed,65.9301,,39850.0,2024,observed,38,2024,observed,20.75,2024,observed,1,2025,observed,75.7609756097561,2024,observed,5360.50343468088,2023,observed,82.438955,2024,observed,3.2,2023,observed,99.1852515713458,2024,observed
BHR,Bahrain,sovereign_195,"Middle East, North Africa, Afghanistan & Pakistan",High income,calculated_with_substitution_or_inference,68.0219,,62510.0,2024,observed,5,2024,observed,1.1,2024,observed,0,2025,inferred_zero,81.423,2024,observed,23120.2510495803,2023,observed,100.0,2024,observed,3.5,2023,observed,99.9198990209829,2024,observed
BHS,"Bahamas, The",sovereign_195,Latin America & Caribbean ,High income,calculated_with_substitution_or_inference,58.1403,,39610.0,2024,observed,0,2024,inferred_zero,1.12,2024,observed,0,2025,inferred_zero,74.71,2024,observed,4295.5,2022,substituted_alternative_source,92.47270203,2024,observed,2.7,2023,observed,98.9452612148878,2019,substituted_older_year
BIH,Bosnia and Herzegovina,sovereign_195,Europe & Central Asia,Upper middle income,calculated_with_substitution_or_inference,57.2871,,25100.0,2024,observed,4,2024,observed,0.96,2024,observed,0,2025,inferred_zero,78.044,2024,observed,3676.52483946208,2023,observed,86.10091103,2024,observed,3.0,2023,observed,96.0873127231219,2024,observed
BLR,Belarus,sovereign_195,Europe & Central Asia,Upper middle income,calculated_with_substitution_or_inference,60.3838,,32480.0,2024,observed,13,2024,observed,3.6,2024,observed,0,2025,inferred_zero,74.3653414634147,2024,observed,4197.72816267243,2023,observed,94.26182128,2024,observed,2.7,2023,observed,99.8924920429612,2024,observed
BLZ,Belize,sovereign_195,Latin America & Caribbean ,Upper middle income,insufficient_data,,lpi,13780.0,2024,observed,0,2024,inferred_zero,0.26,2024,observed,0,2025,inferred_zero,73.739,2024,observed,1543.5,2022,substituted_alternative_source,80.00582262,2024,observed,,,missing,94.8473253067341,2024,observed
BMU,Bermuda,extended_economy_or_territory,North America,High income,insufficient_data,,internet;lpi,122530.0,2024,observed,0,2024,inferred_zero,0,2024,inferred_zero,0,2025,inferred_zero,82.49,2024,observed,8131.4,2022,substituted_alternative_source,,,missing,,,missing,100.0,2024,observed
BOL,Bolivia,sovereign_195,Latin America & Caribbean ,Lower middle income,calculated_with_substitution_or_inference,45.2039,,12630.0,2024,observed,0,2024,inferred_zero,2.79,2024,observed,0,2025,inferred_zero,68.739,2024,observed,890.13871838809,2023,observed,79.70469666,2024,observed,2.4,2023,observed,93.3877494672031,2024,observed
BRA,Brazil,sovereign_195,Latin America & Caribbean ,Upper middle income,fully_observed,69.1143,,21620.0,2024,observed,632,2024,observed,586.28,2024,observed,16,2025,observed,76.023,2024,observed,2916.48609397384,2023,observed,84.46347227,2024,observed,3.2,2023,observed,99.9999987323028,2024,observed
BRB,Barbados,sovereign_195,Latin America & Caribbean ,High income,insufficient_data,,lpi,23630.0,2024,observed,4,2024,observed,0.1,2024,observed,0,2025,inferred_zero,76.332,2024,observed,3327,2022,substituted_alternative_source,70.36470032,2024,observed,,,missing,99.1626347450814,2024,observed
BRN,Brunei Darussalam,sovereign_195,East Asia & Pacific,High income,calculated_with_substitution_or_inference,65.2916,,92890.0,2024,observed,0,2024,inferred_zero,2.12,2024,observed,0,2025,inferred_zero,75.501,2024,observed,10674.3886575633,2023,observed,96.29828801,2024,observed,2.71,2018,substituted_older_year,100.0,2024,observed
BTN,Bhutan,sovereign_195,South Asia,Lower middle income,calculated_with_substitution_or_inference,50.3789,,16750.0,2024,observed,0,2024,inferred_zero,0.2,2024,observed,0,2025,inferred_zero,73.262,2024,observed,3159.5,2022,substituted_alternative_source,91.27739716,2024,observed,2.5,2023,observed,99.5465791835972,2024,observed
BWA,Botswana,sovereign_195,Sub-Saharan Africa ,Upper middle income,calculated_with_substitution_or_inference,49.5345,,20260.0,2024,observed,0,2024,inferred_zero,3.63,2024,observed,0,2025,inferred_zero,69.293,2024,observed,1640.96758222175,2023,observed,57.45950036,2024,observed,3.1,2023,observed,91.7713640807246,2024,observed
CAF,Central African Republic,sovereign_195,Sub-Saharan Africa ,Low income,calculated_with_substitution_or_inference,18.1196,,1340.0,2024,observed,0,2024,inferred_zero,0.13,2024,observed,0,2025,inferred_zero,57.671,2024,observed,19.6,2022,substituted_alternative_source,13.78250027,2024,observed,2.5,2023,observed,36.5040268237207,2024,observed
CAN,Canada,sovereign_195,North America,High income,fully_observed,86.7605,,64460.0,2024,observed,2399,2024,observed,2286.45,2024,observed,223,2025,observed,82.1080487804878,2024,observed,14472.3145755529,2023,observed,94.353302,2024,observed,4.0,2023,observed,98.2902608624259,2024,observed
CHE,Switzerland,sovereign_195,Europe & Central Asia,High income,fully_observed,88.858,,94430.0,2024,observed,5345,2024,observed,1701.85,2024,observed,130,2025,observed,84.4073170731707,2024,observed,7174.96649162285,2023,observed,97.3443985,2024,observed,4.1,2023,observed,99.9999967819997,2024,observed
CHI,Channel Islands,extended_economy_or_territory,Europe & Central Asia,High income,insufficient_data,,gni;electricity;internet;lpi;water,,,missing,0,2024,inferred_zero,0,2024,inferred_zero,0,2025,inferred_zero,81.2,2024,observed,,,missing,,,missing,,,missing,,,missing
CHL,Chile,sovereign_195,Latin America & Caribbean ,High income,fully_observed,71.6993,,34390.0,2024,observed,219,2024,observed,185.92,2024,observed,5,2025,observed,81.359,2024,observed,4322.99269005513,2023,observed,95.590243,2024,observed,3.0,2023,observed,99.0811612150969,2024,observed
CHN,China,sovereign_195,East Asia & Pacific,Upper middle income,fully_observed,86.374,,26950.0,2024,observed,69934,2024,observed,43075.34,2024,observed,1423,2025,observed,78.017,2024,observed,6523.71926193193,2023,observed,92.0,2024,observed,3.7,2023,observed,96.1224151867516,2024,observed
CIV,Cote d'Ivoire,sovereign_195,Sub-Saharan Africa ,Lower middle income,calculated_with_substitution_or_inference,36.7983,,7340.0,2024,observed,0,2024,inferred_zero,3.47,2024,observed,0,2025,inferred_zero,62.11,2024,observed,353.81898290984,2023,observed,41.43219902,2024,observed,3.08,2018,substituted_older_year,77.2470593822361,2024,observed
CMR,Cameroon,sovereign_195,Sub-Saharan Africa ,Lower middle income,calculated_with_substitution_or_inference,36.5161,,5480.0,2024,observed,3,2024,observed,9.79,2024,observed,0,2025,inferred_zero,63.968,2024,observed,226.09772560491,2023,observed,46.25880051,2024,observed,2.1,2023,observed,71.410178711283,2024,observed
COD,"Congo, Dem. Rep.",sovereign_195,Sub-Saharan Africa ,Low income,calculated_with_substitution_or_inference,24.3751,,1770.0,2024,observed,1,2024,observed,5.98,2024,observed,0,2025,inferred_zero,62.074,2024,observed,128.528543096494,2023,observed,19.67350006,2024,observed,2.5,2023,observed,35.6813611952254,2024,observed
COG,"Congo, Rep.",sovereign_195,Sub-Saharan Africa ,Lower middle income,calculated_with_substitution_or_inference,35.7276,,6320.0,2024,observed,0,2024,inferred_zero,1.28,2024,observed,0,2025,inferred_zero,66.001,2024,observed,338.353373869965,2023,observed,47.25159836,2024,observed,2.6,2023,observed,73.4884211673414,2021,substituted_older_year
COL,Colombia,sovereign_195,Latin America & Caribbean ,Upper middle income,fully_observed,61.7372,,22100.0,2024,observed,71,2024,observed,49.77,2024,observed,2,2025,observed,77.913,2024,observed,1552.83278166352,2023,observed,79.34543299,2024,observed,2.9,2023,observed,97.0965711084738,2024,observed
COM,Comoros,sovereign_195,Sub-Saharan Africa ,Lower middle income,calculated_with_substitution_or_inference,32.4349,,4070.0,2024,observed,0,2024,inferred_zero,0.61,2024,observed,0,2025,inferred_zero,67.023,2024,observed,123.5,2022,substituted_alternative_source,32.51750183,2024,observed,2.56,2018,substituted_older_year,85.0539278589302,2024,observed
CPV,Cabo Verde,sovereign_195,Sub-Saharan Africa ,Upper middle income,insufficient_data,,lpi,10990.0,2024,observed,0,2024,inferred_zero,0.39,2024,observed,0,2025,inferred_zero,76.224,2024,observed,801.6,2022,substituted_alternative_source,74.73519897,2024,observed,,,missing,92.2800892661912,2024,observed
CRI,Costa Rica,sovereign_195,Latin America & Caribbean ,High income,calculated_with_substitution_or_inference,59.8709,,28980.0,2024,observed,2,2024,observed,10.49,2024,observed,0,2025,inferred_zero,80.996,2024,observed,2206.04149426357,2023,observed,87.17019653,2024,observed,2.9,2023,observed,99.8154123406248,2024,observed
CUB,Cuba,sovereign_195,Latin America & Caribbean ,Upper middle income,insufficient_data,,gni,,,missing,7,2024,observed,2.39,2024,observed,0,2025,inferred_zero,78.264,2024,observed,1461.7151414106,2023,observed,70.47699738,2024,observed,2.2,2023,observed,95.1464064347704,2024,observed
CUW,Curacao,extended_economy_or_territory,Latin America & Caribbean ,High income,insufficient_data,,internet;lpi,33330.0,2024,observed,1,2024,observed,0,2024,inferred_zero,0,2025,inferred_zero,76.989,2024,observed,5276.29417926468,2023,observed,,,missing,,,missing,100.0,2024,observed
CYM,Cayman Islands,extended_economy_or_territory,Latin America & Caribbean ,High income,insufficient_data,,internet;lpi,74470.0,2024,observed,0,2024,inferred_zero,0,2024,inferred_zero,0,2025,inferred_zero,80.54,2024,observed,9652.3,2022,substituted_alternative_source,,,missing,,,missing,95.4601226993865,2024,observed
CYP,Cyprus,sovereign_195,Europe & Central Asia,High income,fully_observed,70.9419,,56200.0,2024,observed,52,2024,observed,28.58,2024,observed,2,2025,observed,81.821,2024,observed,3841.70423858864,2023,observed,89.60099246,2024,observed,3.2,2023,observed,99.7211088299984,2024,observed
CZE,Czechia,sovereign_195,Europe & Central Asia,High income,fully_observed,75.5219,,55770.0,2024,observed,142,2024,observed,341.31,2024,observed,7,2025,observed,79.9780487804878,2024,observed,5965.3672178366,2023,observed,87.68776014,2024,observed,3.3,2023,observed,98.7341483522106,2024,observed
DEU,Germany,sovereign_195,Europe & Central Asia,High income,fully_observed,90.215,,76500.0,2024,observed,16723,2024,observed,5671.75,2024,observed,359,2025,observed,80.7926829268293,2024,observed,5947.27119952649,2023,observed,93.49999579,2024,observed,4.1,2023,observed,100.0,2024,observed
DJI,Djibouti,sovereign_195,"Middle East, North Africa, Afghanistan & Pakistan",Lower middle income,calculated_with_substitution_or_inference,38.6932,,8040.0,2024,observed,0,2024,inferred_zero,0.72,2024,observed,0,2025,inferred_zero,66.202,2024,observed,574.7,2022,substituted_alternative_source,65.29889679,2024,observed,2.7,2023,observed,79.661532568521,2024,observed
DMA,Dominica,sovereign_195,Latin America & Caribbean ,Upper middle income,insufficient_data,,lpi,20810.0,2024,observed,0,2024,inferred_zero,0.05,2024,observed,0,2025,inferred_zero,71.294,2024,observed,2009.7,2022,substituted_alternative_source,82.04689789,2024,observed,,,missing,96.9953113262366,2024,observed
DNK,Denmark,sovereign_195,Europe & Central Asia,High income,fully_observed,85.2813,,83530.0,2024,observed,1539,2024,observed,785.52,2024,observed,62,2025,observed,82.2536585365854,2024,observed,5878.13723736126,2023,observed,99.76915157,2024,observed,4.1,2023,observed,99.9999997876119,2024,observed
DOM,Dominican Republic,sovereign_195,Latin America & Caribbean ,Upper middle income,calculated_with_substitution_or_inference,54.4897,,26160.0,2024,observed,3,2024,observed,0.57,2024,observed,0,2025,inferred_zero,73.868,2024,observed,1867.39962396078,2023,observed,91.0022446,2024,observed,2.6,2023,observed,97.4571299883182,2024,observed
DZA,Algeria,sovereign_195,"Middle East, North Africa, Afghanistan & Pakistan",Upper middle income,calculated_with_substitution_or_inference,55.4207,,17310.0,2024,observed,15,2024,observed,15.41,2024,observed,0,2025,inferred_zero,76.475,2024,observed,1827.95251014644,2023,observed,77.4178009,2024,observed,2.5,2023,observed,92.4200285933986,2024,observed
ECU,Ecuador,sovereign_195,Latin America & Caribbean ,Upper middle income,calculated_with_substitution_or_inference,55.754,,15420.0,2024,observed,21,2024,observed,17.84,2024,observed,0,2025,inferred_zero,77.579,2024,observed,1675.63186443578,2023,observed,77.17273115,2024,observed,2.88,2018,substituted_older_year,92.0708709697554,2024,observed
EGY,"Egypt, Arab Rep.",sovereign_195,"Middle East, North Africa, Afghanistan & Pakistan",Lower middle income,fully_observed,58.5274,,18260.0,2024,observed,62,2024,observed,75.83,2024,observed,1,2025,observed,71.806,2024,observed,1492.89603600873,2023,observed,74.64839935,2024,observed,3.1,2023,observed,97.2982426280194,2024,observed
ERI,Eritrea,sovereign_195,Sub-Saharan Africa ,Low income,insufficient_data,,gni;water,,,missing,0,2024,inferred_zero,0,2024,inferred_zero,0,2025,inferred_zero,68.893,2024,observed,123.329078288031,2023,observed,14.34939957,2020,substituted_older_year,2.09,2018,substituted_older_year,,,missing
ESP,Spain,sovereign_195,Europe & Central Asia,High income,fully_observed,84.1521,,57920.0,2024,observed,1520,2024,observed,1871.3,2024,observed,95,2025,observed,83.8878048780488,2024,observed,5117.82961999422,2023,observed,95.7574516,2024,observed,3.9,2023,observed,99.9247001396709,2024,observed
EST,Estonia,sovereign_195,Europe & Central Asia,High income,fully_observed,70.9651,,49380.0,2024,observed,53,2024,observed,39.77,2024,observed,2,2025,observed,79.2951219512195,2024,observed,5722.16311047475,2023,observed,92.23796204,2024,observed,3.6,2023,observed,99.9999970212441,2024,observed
ETH,Ethiopia,sovereign_195,Sub-Saharan Africa ,Low income,calculated_with_substitution_or_inference,32.3813,,3290.0,2024,observed,1,2024,observed,17.92,2024,observed,0,2025,inferred_zero,67.603,2024,observed,112.555828390227,2023,observed,21.94129944,2024,observed,2.376767,2016,substituted_older_year,55.5960696159493,2024,observed
FIN,Finland,sovereign_195,Europe & Central Asia,High income,fully_observed,83.3345,,65090.0,2024,observed,2005,2024,observed,422.89,2024,observed,19,2025,observed,82.3365853658537,2024,observed,14392.7795410779,2023,observed,93.72405196,2024,observed,4.2,2023,observed,99.9999966968731,2024,observed
FJI,Fiji,sovereign_195,East Asia & Pacific,Upper middle income,calculated_with_substitution_or_inference,44.8677,,14510.0,2024,observed,0,2024,inferred_zero,0.69,2024,observed,0,2025,inferred_zero,67.463,2024,observed,1045.5,2022,substituted_alternative_source,74.7052002,2024,observed,2.3,2023,observed,95.5603898762947,2024,observed
FRA,France,sovereign_195,Europe & Central Asia,High income,fully_observed,86.8968,,63730.0,2024,observed,8178,2024,observed,2725.87,2024,observed,120,2025,observed,82.9804878048781,2024,observed,6415.02611160317,2023,observed,88.65381638,2024,observed,3.9,2023,observed,99.9999974759961,2024,observed
FRO,Faroe Islands,extended_economy_or_territory,Europe & Central Asia,High income,insufficient_data,,internet;lpi,83480.0,2024,observed,0,2024,inferred_zero,2.31,2024,observed,0,2025,inferred_zero,83.0832463414634,2024,observed,7318.6,2022,substituted_alternative_source,,,missing,,,missing,100.0,2024,observed
FSM,"Micronesia, Fed. Sts.",sovereign_195,East Asia & Pacific,Upper middle income,insufficient_data,,lpi,4990.0,2024,observed,0,2024,inferred_zero,0,2024,inferred_zero,0,2025,inferred_zero,67.357,2024,observed,600.3,2022,substituted_alternative_source,39.52360153,2024,observed,,,missing,89.8819541513315,2020,substituted_older_year
GAB,Gabon,sovereign_195,Sub-Saharan Africa ,Upper middle income,calculated_with_substitution_or_inference,47.0014,,20630.0,2024,observed,0,2024,inferred_zero,0.63,2024,observed,0,2025,inferred_zero,68.511,2024,observed,1023.42693886684,2023,observed,68.72090149,2024,observed,2.4,2023,observed,88.5995009085574,2024,observed
GBR,United Kingdom,sovereign_195,Europe & Central Asia,High income,fully_observed,87.0604,,62220.0,2024,observed,5878,2024,observed,4699.65,2024,observed,570,2025,observed,81.3868536585366,2024,observed,4229.27064180019,2023,observed,95.4720993,2024,observed,3.7,2023,observed,99.9999991412127,2024,observed
GEO,Georgia,sovereign_195,Europe & Central Asia,Upper middle income,calculated_with_substitution_or_inference,58.8445,,25460.0,2024,observed,14,2024,observed,10.13,2024,observed,0,2025,inferred_zero,74.657,2024,observed,3382.3327949556,2023,observed,83.79855689,2024,observed,2.7,2023,observed,97.2900166595814,2024,observed
GHA,Ghana,sovereign_195,Sub-Saharan Africa ,Lower middle income,calculated_with_substitution_or_inference,42.305,,7540.0,2024,observed,1,2024,observed,22.64,2024,observed,0,2025,inferred_zero,65.695,2024,observed,564.994926884211,2023,observed,72.17569733,2024,observed,2.5,2023,observed,89.9220116872755,2024,observed
GIB,Gibraltar,extended_economy_or_territory,Europe & Central Asia,High income,insufficient_data,,gni;internet;lpi,,,missing,0,2024,inferred_zero,0,2024,inferred_zero,0,2025,inferred_zero,83.63,2024,observed,5016.7658755946,2023,observed,,,missing,,,missing,100.0,2024,observed
GIN,Guinea,sovereign_195,Sub-Saharan Africa ,Lower middle income,calculated_with_substitution_or_inference,30.297,,4140.0,2024,observed,0,2024,inferred_zero,0.94,2024,observed,0,2025,inferred_zero,60.904,2024,observed,196,2022,substituted_alternative_source,33.30469894,2024,observed,2.5,2023,observed,74.1924841600776,2024,observed
GMB,"Gambia, The",sovereign_195,Sub-Saharan Africa ,Low income,calculated_with_substitution_or_inference,32.788,,3430.0,2024,observed,0,2024,inferred_zero,3.73,2024,observed,0,2025,inferred_zero,66.057,2024,observed,145.8,2022,substituted_alternative_source,49.49430084,2024,observed,2.3,2023,observed,87.1034800376148,2024,observed
GNB,Guinea-Bissau,sovereign_195,Sub-Saharan Africa ,Low income,calculated_with_substitution_or_inference,28.5936,,3120.0,2024,observed,0,2024,inferred_zero,0.73,2024,observed,0,2025,inferred_zero,64.254,2024,observed,82.5,2022,substituted_alternative_source,29.77739906,2024,observed,2.6,2023,observed,61.8077030171668,2024,observed
GNQ,Equatorial Guinea,sovereign_195,Sub-Saharan Africa ,Upper middle income,insufficient_data,,water,15200.0,2024,observed,0,2024,inferred_zero,0.53,2024,observed,0,2025,inferred_zero,63.906,2024,observed,792.401175828084,2023,observed,63.29930115,2024,observed,2.32,2018,substituted_older_year,,,missing
GRC,Greece,sovereign_195,Europe & Central Asia,High income,fully_observed,73.3205,,42910.0,2024,observed,100,2024,observed,165.78,2024,observed,8,2025,observed,81.8390243902439,2024,observed,4693.50942425215,2023,observed,86.26968886,2024,observed,3.7,2023,observed,100.0,2024,observed
GRD,Grenada,sovereign_195,Latin America & Caribbean ,Upper middle income,insufficient_data,,water,18730.0,2024,observed,0,2024,inferred_zero,0.16,2024,observed,0,2025,inferred_zero,75.367,2024,observed,1830.6,2022,substituted_alternative_source,70.16159821,2024,observed,2.5,2023,observed,,,missing
GRL,Greenland,extended_economy_or_territory,Europe & Central Asia,High income,insufficient_data,,gni;internet;lpi,,,missing,0,2024,inferred_zero,0.77,2024,observed,0,2025,inferred_zero,70.2734146341463,2024,observed,7101.1,2022,substituted_alternative_source,,,missing,,,missing,100.0,2024,observed
GTM,Guatemala,sovereign_195,Latin America & Caribbean ,Upper middle income,calculated_with_substitution_or_inference,47.1087,,14190.0,2024,observed,2,2024,observed,2.13,2024,observed,0,2025,inferred_zero,72.746,2024,observed,733.082414309027,2023,observed,60.22140121,2024,observed,2.6,2023,observed,93.1845373918033,2024,observed
GUM,Guam,extended_economy_or_territory,East Asia & Pacific,High income,insufficient_data,,gni;internet;lpi,,,missing,0,2024,inferred_zero,0,2024,inferred_zero,0,2025,inferred_zero,77.422,2024,observed,9384.7,2022,substituted_alternative_source,,,missing,,,missing,99.5293013959399,2024,observed
GUY,Guyana,sovereign_195,Latin America & Caribbean ,High income,calculated_with_substitution_or_inference,56.9534,,68650.0,2024,observed,0,2024,inferred_zero,0.63,2024,observed,0,2025,inferred_zero,70.319,2024,observed,1085.6,2022,substituted_alternative_source,83.00080109,2024,observed,2.4,2023,observed,95.6442641595321,2024,observed
HKG,"Hong Kong SAR, China",extended_economy_or_territory,East Asia & Pacific,High income,calculated_with_substitution_or_inference,71.527,,82840.0,2024,observed,0,2024,inferred_zero,0,2024,inferred_zero,147,2025,observed,85.3926829268293,2024,observed,6359.12474622152,2023,observed,95.75536971,2024,observed,4.0,2023,observed,100.0,2024,observed
HND,Honduras,sovereign_195,Latin America & Caribbean ,Lower middle income,calculated_with_substitution_or_inference,41.0603,,6930.0,2024,observed,0,2024,inferred_zero,0.9,2024,observed,0,2025,inferred_zero,73.044,2024,observed,752.100710474952,2023,observed,58.62269974,2024,observed,2.9,2023,observed,95.7293716551666,2024,observed
HRV,Croatia,sovereign_195,Europe & Central Asia,High income,calculated_with_substitution_or_inference,68.324,,49700.0,2024,observed,25,2024,observed,49.14,2024,observed,0,2025,inferred_zero,78.9292682926829,2024,observed,4484.04352063873,2023,observed,83.63240029,2024,observed,3.3,2023,observed,99.903181204483,2024,observed
HTI,Haiti,sovereign_195,Latin America & Caribbean ,Lower middle income,calculated_with_substitution_or_inference,30.1293,,3170.0,2024,observed,0,2024,inferred_zero,1.28,2024,observed,0,2025,inferred_zero,65.119,2024,observed,76.2369643049319,2022,substituted_older_year,47.8614006,2024,observed,2.1,2023,observed,73.3157500565915,2024,observed
HUN,Hungary,sovereign_195,Europe & Central Asia,High income,fully_observed,71.3072,,47600.0,2024,observed,164,2024,observed,131.8,2024,observed,1,2025,observed,76.7243902439025,2024,observed,4604.58127063007,2023,observed,93.77898628,2024,observed,3.2,2023,observed,100.0,2024,observed
IDN,Indonesia,sovereign_195,East Asia & Pacific,Upper middle income,calculated_with_substitution_or_inference,56.1181,,16050.0,2024,observed,100,2024,observed,41.67,2024,observed,0,2025,inferred_zero,71.288,2024,observed,1445.21463483986,2023,observed,72.78075544,2024,observed,3.0,2023,observed,89.008759557411,2024,observed
IMN,Isle of Man,extended_economy_or_territory,Europe & Central Asia,High income,insufficient_data,,gni;internet;lpi,,,missing,0,2024,inferred_zero,0,2024,inferred_zero,0,2025,inferred_zero,81.091,2024,observed,4314.6,2022,substituted_alternative_source,,,missing,,,missing,100.0,2024,observed
IND,India,sovereign_195,South Asia,Lower middle income,fully_observed,63.5482,,10580.0,2024,observed,4537,2024,observed,2378.16,2024,observed,6,2025,observed,72.235,2024,observed,1181.63126786529,2023,observed,64.9434967,2024,observed,3.4,2023,observed,95.7247373523918,2024,observed
IRL,Ireland,sovereign_195,Europe & Central Asia,High income,fully_observed,81.4972,,105770.0,2024,observed,725,2024,observed,187.47,2024,observed,20,2025,observed,83.009756097561,2024,observed,6144.73623270699,2023,observed,97.18769836,2024,observed,3.6,2023,observed,97.0980337007013,2024,observed
IRN,"Iran, Islamic Rep.",sovereign_195,"Middle East, North Africa, Afghanistan & Pakistan",Upper middle income,fully_observed,66.4719,,19850.0,2024,observed,410,2024,observed,428.85,2024,observed,3,2025,observed,77.854,2024,observed,3814.54510767933,2023,observed,85.3404007,2024,observed,2.3,2023,observed,97.8520635920898,2024,observed
IRQ,Iraq,sovereign_195,"Middle East, North Africa, Afghanistan & Pakistan",Upper middle income,calculated_with_substitution_or_inference,51.852,,14550.0,2024,observed,5,2024,observed,15.18,2024,observed,0,2025,inferred_zero,72.424,2024,observed,1377.37792315929,2023,observed,81.47450256,2024,observed,2.4,2023,observed,98.4076938287767,2024,observed
ISL,Iceland,sovereign_195,Europe & Central Asia,High income,fully_observed,76.3975,,82820.0,2024,observed,52,2024,observed,45.29,2024,observed,1,2025,observed,82.809756097561,2024,observed,50951.2190694985,2023,observed,98.209198,2024,observed,3.6,2023,observed,100.0,2024,observed
ISR,Israel,sovereign_195,"Middle East, North Africa, Afghanistan & Pakistan",High income,fully_observed,81.9302,,56960.0,2024,observed,1704,2024,observed,721.16,2024,observed,38,2025,observed,83.1975609756098,2024,observed,6772.05807696213,2023,observed,88.18242225,2024,observed,3.6,2023,observed,99.9999993081787,2024,observed
ITA,Italy,sovereign_195,Europe & Central Asia,High income,fully_observed,84.8502,,62160.0,2024,observed,3096,2024,observed,1885.88,2024,observed,101,2025,observed,83.9512195121951,2024,observed,5047.46897034285,2023,observed,89.2207202,2024,observed,3.7,2023,observed,99.9170340740928,2024,observed
JAM,Jamaica,sovereign_195,Latin America & Caribbean ,Upper middle income,calculated_with_substitution_or_inference,47.0073,,12680.0,2024,observed,1,2024,observed,1.04,2024,observed,0,2025,inferred_zero,71.606,2024,observed,1204.66823908562,2023,observed,90.10870361,2024,observed,2.5,2023,observed,87.5562621347732,2024,observed
JOR,Jordan,sovereign_195,"Middle East, North Africa, Afghanistan & Pakistan",Upper middle income,calculated_with_substitution_or_inference,54.5712,,11670.0,2024,observed,12,2024,observed,16.71,2024,observed,0,2025,inferred_zero,77.981,2024,observed,1857.90753262484,2023,observed,95.62244985,2024,observed,2.69,2018,substituted_older_year,99.2861089236717,2024,observed
JPN,Japan,sovereign_195,East Asia & Pacific,High income,fully_observed,88.5488,,57450.0,2024,observed,48400,2024,observed,3570.16,2024,observed,90,2025,observed,84.0363414634146,2024,observed,7655.01641748312,2023,observed,85.54153081,2024,observed,3.9,2023,observed,99.1831679675454,2024,observed
KAZ,Kazakhstan,sovereign_195,Europe & Central Asia,Upper middle income,calculated_with_substitution_or_inference,64.4466,,37670.0,2024,observed,45,2024,observed,17.84,2024,observed,0,2025,inferred_zero,74.531,2024,observed,5145.57131631004,2023,observed,93.39167254,2024,observed,2.7,2023,observed,97.8336528246685,2024,observed
KEN,Kenya,sovereign_195,Sub-Saharan Africa ,Lower middle income,calculated_with_substitution_or_inference,40.459,,6500.0,2024,observed,8,2024,observed,28.47,2024,observed,2,2025,observed,63.834,2024,observed,190.082933008388,2023,observed,34.97622513,2024,observed,2.81,2018,substituted_older_year,65.5965968528709,2024,observed
KGZ,Kyrgyz Republic,sovereign_195,Europe & Central Asia,Lower middle income,calculated_with_substitution_or_inference,44.595,,8100.0,2024,observed,0,2024,inferred_zero,1.07,2024,observed,0,2025,inferred_zero,72.4,2024,observed,2068.80523962111,2023,observed,92.0286026,2024,observed,2.3,2023,observed,94.9430591604871,2024,observed
KHM,Cambodia,sovereign_195,East Asia & Pacific,Lower middle income,calculated_with_substitution_or_inference,42.1074,,7920.0,2024,observed,0,2024,inferred_zero,4.79,2024,observed,0,2025,inferred_zero,70.817,2024,observed,932.398524324088,2023,observed,68.47530365,2024,observed,2.4,2023,observed,82.8497572939701,2024,observed
KIR,Kiribati,sovereign_195,East Asia & Pacific,Lower middle income,insufficient_data,,lpi,5750.0,2024,observed,0,2024,inferred_zero,0.3,2024,observed,0,2025,inferred_zero,66.6,2024,observed,251.4,2022,substituted_alternative_source,89.44029999,2024,observed,,,missing,79.0683447485722,2024,observed
KNA,St. Kitts and Nevis,sovereign_195,Latin America & Caribbean ,High income,insufficient_data,,lpi;water,33730.0,2024,observed,0,2024,inferred_zero,0.02,2024,observed,0,2025,inferred_zero,72.281,2024,observed,4097.7,2022,substituted_alternative_source,76.88400269,2024,observed,,,missing,,,missing
KOR,"Korea, Rep.",sovereign_195,East Asia & Pacific,High income,fully_observed,88.693,,61930.0,2024,observed,23845,2024,observed,2577.58,2024,observed,76,2025,observed,83.6292682926829,2024,observed,11426.0699114852,2023,observed,97.89563777,2024,observed,3.8,2023,observed,100.0,2024,observed
KWT,Kuwait,sovereign_195,"Middle East, North Africa, Afghanistan & Pakistan",High income,fully_observed,70.5065,,64040.0,2024,observed,1,2024,observed,12.37,2024,observed,2,2025,observed,84.580487804878,2024,observed,16496.2026776994,2023,observed,99.74729919,2024,observed,3.2,2023,observed,100.0,2024,observed
LAO,Lao PDR,sovereign_195,East Asia & Pacific,Lower middle income,calculated_with_substitution_or_inference,43.9505,,9170.0,2024,observed,1,2024,observed,1.65,2024,observed,0,2025,inferred_zero,69.225,2024,observed,1664.71123978848,2023,observed,65.59269714,2024,observed,2.4,2023,observed,95.8635794968398,2024,observed
LBN,Lebanon,sovereign_195,"Middle East, North Africa, Afghanistan & Pakistan",Lower middle income,calculated_with_substitution_or_inference,52.4084,,11790.0,2024,observed,4,2024,observed,17.91,2024,observed,2,2025,observed,77.945,2024,observed,975.319446996818,2023,observed,80.63400269,2024,observed,2.72,2018,substituted_older_year,92.6,2024,observed
LBR,Liberia,sovereign_195,Sub-Saharan Africa ,Low income,calculated_with_substitution_or_inference,25.3047,,1740.0,2024,observed,1,2024,observed,0.52,2024,observed,0,2025,inferred_zero,62.324,2024,observed,59.2,2022,substituted_alternative_source,32.23360062,2024,observed,2.4,2023,observed,78.8278345445612,2024,observed
LBY,Libya,sovereign_195,"Middle East, North Africa, Afghanistan & Pakistan",Upper middle income,calculated_with_substitution_or_inference,49.8829,,15200.0,2024,observed,1,2024,observed,2.46,2024,observed,0,2025,inferred_zero,71.121,2024,observed,3796.09833965697,2023,observed,81.95449829,2024,observed,1.9,2023,observed,96.3545440861619,2024,observed
LCA,St. Lucia,sovereign_195,Latin America & Caribbean ,Upper middle income,insufficient_data,,lpi,25320.0,2024,observed,0,2024,inferred_zero,0,2024,inferred_zero,0,2025,inferred_zero,72.846,2024,observed,2090.1,2022,substituted_alternative_source,68.20500183,2024,observed,,,missing,98.0956816576068,2024,observed
LIE,Liechtenstein,sovereign_195,Europe & Central Asia,High income,insufficient_data,,gni;lpi,,,missing,160,2024,observed,1.14,2024,observed,0,2025,inferred_zero,84.2,2024,observed,10481.5,2022,substituted_alternative_source,98.2641983,2024,observed,,,missing,100.0,2024,observed
LKA,Sri Lanka,sovereign_195,South Asia,Upper middle income,calculated_with_substitution_or_inference,52.7291,,15290.0,2024,observed,23,2024,observed,15.17,2024,observed,0,2025,inferred_zero,77.672,2024,observed,644.461587330399,2023,observed,54.59,2024,observed,2.8,2023,observed,90.2138440260395,2024,observed
LSO,Lesotho,sovereign_195,Sub-Saharan Africa ,Lower middle income,calculated_with_substitution_or_inference,29.5801,,3730.0,2024,observed,0,2024,inferred_zero,1.14,2024,observed,0,2025,inferred_zero,57.798,2024,observed,373.7,2022,substituted_alternative_source,51.79660034,2024,observed,2.28,2018,substituted_older_year,78.0789963759688,2024,observed
LTU,Lithuania,sovereign_195,Europe & Central Asia,High income,fully_observed,68.9356,,54330.0,2024,observed,22,2024,observed,32.29,2024,observed,2,2025,observed,77.1951219512195,2024,observed,4202.90536411076,2023,observed,89.16116293,2024,observed,3.4,2023,observed,99.9182026791093,2024,observed
LUX,Luxembourg,sovereign_195,Europe & Central Asia,High income,fully_observed,78.965,,102080.0,2024,observed,381,2024,observed,39.19,2024,observed,3,2025,observed,83.1951219512195,2024,observed,11447.5638851792,2023,observed,98.7606147,2024,observed,3.6,2023,observed,100.0,2024,observed
LVA,Latvia,sovereign_195,Europe & Central Asia,High income,calculated_with_substitution_or_inference,65.654,,42650.0,2024,observed,28,2024,observed,15.16,2024,observed,0,2025,inferred_zero,76.4292682926829,2024,observed,3616.79876414098,2023,observed,92.70757011,2024,observed,3.5,2023,observed,98.7726032777308,2024,observed
MAC,"Macao SAR, China",extended_economy_or_territory,East Asia & Pacific,High income,insufficient_data,,lpi,125630.0,2024,observed,0,2024,inferred_zero,0,2024,inferred_zero,5,2025,observed,83.3317073170732,2024,observed,7456.5,2022,substituted_alternative_source,89.82640076,2024,observed,,,missing,100.0,2024,observed
MAF,St. Martin (French part),extended_economy_or_territory,Latin America & Caribbean ,High income,insufficient_data,,gni;electricity;internet;lpi,,,missing,0,2024,inferred_zero,0,2024,inferred_zero,0,2025,inferred_zero,80.438,2024,observed,,,missing,,,missing,,,missing,99.9229384324588,2024,observed
MAR,Morocco,sovereign_195,"Middle East, North Africa, Afghanistan & Pakistan",Lower middle income,calculated_with_substitution_or_inference,54.7048,,10280.0,2024,observed,72,2024,observed,40.57,2024,observed,2,2025,observed,75.493,2024,observed,997.255419654568,2023,observed,91.2,2024,observed,2.54,2018,substituted_older_year,92.2120267209653,2024,observed
MCO,Monaco,sovereign_195,Europe & Central Asia,High income,insufficient_data,,gni;electricity;lpi,,,missing,20,2024,observed,0.39,2024,observed,0,2025,inferred_zero,86.497,2024,observed,,,missing,99.04489899,2024,observed,,,missing,100.0,2024,observed
MDA,Moldova,sovereign_195,Europe & Central Asia,Upper middle income,calculated_with_substitution_or_inference,51.9638,,18760.0,2024,observed,5,2024,observed,2.02,2024,observed,0,2025,inferred_zero,71.332,2024,observed,2411.52290499202,2023,observed,77.3687973,2024,observed,2.5,2023,observed,92.7079162757946,2024,observed
MDG,Madagascar,sovereign_195,Sub-Saharan Africa ,Low income,calculated_with_substitution_or_inference,25.563,,1840.0,2024,observed,2,2024,observed,2.63,2024,observed,0,2025,inferred_zero,63.835,2024,observed,80.0745430526006,2023,observed,18.67790031,2024,observed,2.3,2023,observed,55.3389608321256,2024,observed
MDV,Maldives,sovereign_195,South Asia,Upper middle income,calculated_with_substitution_or_inference,54.1548,,23230.0,2024,observed,0,2024,inferred_zero,0,2024,inferred_zero,0,2025,inferred_zero,81.285,2024,observed,2139.5,2022,substituted_alternative_source,85.23999786,2024,observed,2.67,2018,substituted_older_year,99.7584782998402,2024,observed
MEX,Mexico,sovereign_195,Latin America & Caribbean ,Upper middle income,fully_observed,65.0645,,25100.0,2024,observed,158,2024,observed,159.35,2024,observed,2,2025,observed,75.264,2024,observed,2597.3996144081,2023,observed,83.12233799,2024,observed,2.9,2023,observed,99.5413676283293,2024,observed
MHL,Marshall Islands,sovereign_195,East Asia & Pacific,Upper middle income,insufficient_data,,lpi,9760.0,2024,observed,1,2024,observed,0,2024,inferred_zero,0,2025,inferred_zero,67.075,2024,observed,1971.2,2022,substituted_alternative_source,65.915802,2024,observed,,,missing,87.4448539274847,2024,observed
MKD,North Macedonia,sovereign_195,Europe & Central Asia,Upper middle income,calculated_with_substitution_or_inference,58.8751,,25620.0,2024,observed,6,2024,observed,4.29,2024,observed,0,2025,inferred_zero,76.6165853658537,2024,observed,3320.35609711262,2023,observed,93.6,2024,observed,3.1,2023,observed,98.1873314046173,2024,observed
MLI,Mali,sovereign_195,Sub-Saharan Africa ,Low income,calculated_with_substitution_or_inference,30.417,,3230.0,2024,observed,0,2024,inferred_zero,3.7,2024,observed,0,2025,inferred_zero,60.675,2024,observed,140,2022,substituted_alternative_source,36.80149841,2024,observed,2.6,2023,observed,86.3633567815443,2024,observed
MLT,Malta,sovereign_195,"Middle East, North Africa, Afghanistan & Pakistan",High income,calculated_with_substitution_or_inference,69.4662,,61340.0,2024,observed,41,2024,observed,3.24,2024,observed,0,2025,inferred_zero,82.9560975609756,2024,observed,5013.14344537374,2023,observed,93.86029816,2024,observed,3.3,2023,observed,100.0,2024,observed
MMR,Myanmar,sovereign_195,East Asia & Pacific,Lower middle income,calculated_with_substitution_or_inference,36.4996,,5900.0,2024,observed,0,2024,inferred_zero,3.53,2024,observed,0,2025,inferred_zero,67.095,2024,observed,368.438955640984,2023,observed,45.4477005,2020,substituted_older_year,2.3,2018,substituted_older_year,85.6871417640541,2024,observed
MNE,Montenegro,sovereign_195,Europe & Central Asia,Upper middle income,calculated_with_substitution_or_inference,60.1362,,33970.0,2024,observed,8,2024,observed,0.64,2024,observed,0,2025,inferred_zero,77.890243902439,2024,observed,4564.34263683004,2023,observed,88.88258428,2024,observed,2.8,2023,observed,99.2801382117873,2024,observed
MNG,Mongolia,sovereign_195,East Asia & Pacific,Upper middle income,calculated_with_substitution_or_inference,50.3296,,17020.0,2024,observed,0,2024,inferred_zero,2.99,2024,observed,0,2025,inferred_zero,72.3980487804878,2024,observed,2728.12537254265,2023,observed,85.12349701,2024,observed,2.5,2023,observed,86.092655324442,2024,observed
MNP,Northern Mariana Islands,extended_economy_or_territory,East Asia & Pacific,High income,insufficient_data,,gni;internet;lpi,,,missing,0,2024,inferred_zero,0,2024,inferred_zero,0,2025,inferred_zero,78.947,2024,observed,5317.1,2022,substituted_alternative_source,,,missing,,,missing,100.0,2024,observed
MOZ,Mozambique,sovereign_195,Sub-Saharan Africa ,Low income,calculated_with_substitution_or_inference,23.9823,,1520.0,2024,observed,0,2024,inferred_zero,1.89,2024,observed,0,2025,inferred_zero,63.797,2024,observed,390.662628035663,2023,observed,20.52729988,2024,observed,2.684105,2016,substituted_older_year,66.6252441342671,2024,observed
MRT,Mauritania,sovereign_195,Sub-Saharan Africa ,Lower middle income,calculated_with_substitution_or_inference,36.3855,,7310.0,2024,observed,0,2024,inferred_zero,0,2024,inferred_zero,0,2025,inferred_zero,68.713,2024,observed,345,2022,substituted_alternative_source,45.77939987,2024,observed,2.3,2023,observed,77.2846491375388,2024,observed
MUS,Mauritius,sovereign_195,Sub-Saharan Africa ,Upper middle income,calculated_with_substitution_or_inference,58.9705,,34940.0,2024,observed,43,2024,observed,1.35,2024,observed,0,2025,inferred_zero,73.7890243902439,2024,observed,2465.06818980865,2023,observed,73.30793533,2024,observed,2.5,2023,observed,99.9265458263134,2024,observed
MWI,Malawi,sovereign_195,Sub-Saharan Africa ,Low income,calculated_with_substitution_or_inference,28.2536,,1830.0,2024,observed,0,2024,inferred_zero,12.59,2024,observed,0,2025,inferred_zero,67.561,2024,observed,83.4,2022,substituted_alternative_source,18.96159935,2024,observed,2.59,2018,substituted_older_year,73.0535741738591,2024,observed
MYS,Malaysia,sovereign_195,East Asia & Pacific,Upper middle income,fully_observed,70.8936,,37510.0,2024,observed,118,2024,observed,111.4,2024,observed,6,2025,observed,76.821,2024,observed,5083.71249369916,2023,observed,98.0206059,2024,observed,3.6,2023,observed,97.9424657751403,2024,observed
NAM,Namibia,sovereign_195,Sub-Saharan Africa ,Lower middle income,calculated_with_substitution_or_inference,43.5008,,11330.0,2024,observed,0,2024,inferred_zero,1.08,2024,observed,0,2025,inferred_zero,67.516,2024,observed,1232.15759197731,2023,observed,64.87460327,2024,observed,2.9,2023,observed,86.5087378352127,2024,observed
NCL,New Caledonia,extended_economy_or_territory,East Asia & Pacific,High income,insufficient_data,,gni;internet;lpi,,,missing,0,2024,inferred_zero,0,2024,inferred_zero,0,2025,inferred_zero,78.921,2024,observed,10770.2,2022,substituted_alternative_source,,,missing,,,missing,99.5386729881695,2024,observed
NER,Niger,sovereign_195,Sub-Saharan Africa ,Low income,calculated_with_substitution_or_inference,23.3574,,2010.0,2024,observed,0,2024,inferred_zero,1.56,2024,observed,0,2025,inferred_zero,61.433,2024,observed,67.7373474414071,2023,observed,15.55760002,2024,observed,2.07,2018,substituted_older_year,53.4274656286176,2024,observed
NGA,Nigeria,sovereign_195,Sub-Saharan Africa ,Lower middle income,calculated_with_substitution_or_inference,39.2437,,8900.0,2024,observed,5,2024,observed,24.23,2024,observed,0,2025,inferred_zero,54.635,2024,observed,144.13540249798,2023,observed,41.21139908,2024,observed,2.6,2023,observed,82.2488935172216,2024,observed
NIC,Nicaragua,sovereign_195,Latin America & Caribbean ,Lower middle income,insufficient_data,,water,8280.0,2024,observed,0,2024,inferred_zero,2.33,2024,observed,0,2025,inferred_zero,75.1,2024,observed,640.569739227591,2023,observed,61.39550018,2024,observed,2.5,2023,observed,,,missing
NLD,Netherlands,sovereign_195,Europe & Central Asia,High income,fully_observed,87.7588,,84460.0,2024,observed,4294,2024,observed,1469.37,2024,observed,195,2025,observed,81.9658536585366,2024,observed,6206.42579001972,2023,observed,97.00679779,2024,observed,4.1,2023,observed,100.0,2024,observed
NOR,Norway,sovereign_195,Europe & Central Asia,High income,fully_observed,83.5651,,108950.0,2024,observed,717,2024,observed,372.76,2024,observed,23,2025,observed,83.1609756097561,2024,observed,23520.1783607185,2023,observed,99.0,2024,observed,3.7,2023,observed,100.0,2024,observed
NPL,Nepal,sovereign_195,South Asia,Lower middle income,calculated_with_substitution_or_inference,39.3025,,5840.0,2024,observed,0,2024,inferred_zero,10.99,2024,observed,0,2025,inferred_zero,70.636,2024,observed,350.972738692613,2023,observed,46.32189941,2024,observed,2.51,2018,substituted_older_year,93.6401246842117,2024,observed
NRU,Naoero,sovereign_195,East Asia & Pacific,High income,insufficient_data,,lpi,20870.0,2024,observed,0,2024,inferred_zero,0,2024,inferred_zero,0,2025,inferred_zero,62.279,2024,observed,3119.4,2022,substituted_alternative_source,83.01170349,2024,observed,,,missing,97.8429618988897,2024,observed
NZL,New Zealand,sovereign_195,East Asia & Pacific,High income,fully_observed,77.5475,,54270.0,2024,observed,282,2024,observed,170.3,2024,observed,13,2025,observed,82.009756097561,2024,observed,8021.15384615385,2023,observed,93.51930237,2024,observed,3.6,2023,observed,100.0,2024,observed
OMN,Oman,sovereign_195,"Middle East, North Africa, Afghanistan & Pakistan",High income,calculated_with_substitution_or_inference,65.9751,,39390.0,2024,observed,6,2024,observed,18.95,2024,observed,0,2025,inferred_zero,80.246,2024,observed,8203.16762683866,2023,observed,95.25174678,2024,observed,3.3,2023,observed,92.6702187093673,2024,observed
PAK,Pakistan,sovereign_195,"Middle East, North Africa, Afghanistan & Pakistan",Lower middle income,calculated_with_substitution_or_inference,43.7073,,6110.0,2024,observed,2,2024,observed,106.98,2024,observed,3,2025,observed,67.799,2024,observed,518.297657583956,2023,observed,57.253,2024,observed,2.42,2018,substituted_older_year,90.6932992273275,2024,observed
PAN,Panama,sovereign_195,Latin America & Caribbean ,High income,calculated_with_substitution_or_inference,61.6776,,39210.0,2024,observed,5,2024,observed,8.1,2024,observed,0,2025,inferred_zero,79.775,2024,observed,2714.88097921417,2023,observed,72.77149963,2024,observed,3.1,2023,observed,95.2628238815705,2024,observed
PER,Peru,sovereign_195,Latin America & Caribbean ,Upper middle income,calculated_with_substitution_or_inference,57.2029,,16840.0,2024,observed,31,2024,observed,15.59,2024,observed,0,2025,inferred_zero,77.941,2024,observed,1594.68211201468,2023,observed,81.95705992,2024,observed,3.0,2023,observed,95.6370823826383,2024,observed
PHL,Philippines,sovereign_195,East Asia & Pacific,Upper middle income,calculated_with_substitution_or_inference,52.334,,13350.0,2024,observed,35,2024,observed,21.07,2024,observed,0,2025,inferred_zero,69.946,2024,observed,924.622607515829,2023,observed,67.26300914,2024,observed,3.3,2023,observed,95.8592214925506,2024,observed
PLW,Palau,sovereign_195,East Asia & Pacific,High income,insufficient_data,,lpi,20810.0,2024,observed,0,2024,inferred_zero,0.68,2024,observed,0,2025,inferred_zero,69.383,2024,observed,4898.9,2022,substituted_alternative_source,83.92549896,2024,observed,,,missing,99.5322473497037,2024,observed
PNG,Papua New Guinea,sovereign_195,East Asia & Pacific,Lower middle income,calculated_with_substitution_or_inference,31.6393,,4580.0,2024,observed,0,2024,inferred_zero,2.11,2024,observed,0,2025,inferred_zero,66.256,2024,observed,390.7,2022,substituted_alternative_source,18.81159973,2024,observed,2.7,2023,observed,53.298484868619,2024,observed
POL,Poland,sovereign_195,Europe & Central Asia,High income,calculated_with_substitution_or_inference,73.3737,,49540.0,2024,observed,328,2024,observed,472.82,2024,observed,0,2025,inferred_zero,78.409756097561,2024,observed,4381.86423534017,2023,observed,88.58496367,2024,observed,3.6,2023,observed,90.124463310463,2024,observed
PRI,Puerto Rico (US),extended_economy_or_territory,Latin America & Caribbean ,High income,insufficient_data,,lpi,34120.0,2024,observed,0,2024,inferred_zero,0,2024,inferred_zero,0,2025,inferred_zero,81.902,2024,observed,4839.1,2022,substituted_alternative_source,87.29178106,2022,substituted_older_year,,,missing,100.0,2024,observed
PRK,"Korea, Dem. People's Rep.",sovereign_195,East Asia & Pacific,Low income,insufficient_data,,gni;internet;lpi,,,missing,7,2024,observed,5.08,2024,observed,0,2025,inferred_zero,73.743,2024,observed,788.585022660889,2023,observed,,,missing,,,missing,93.9109177513255,2023,substituted_older_year
PRT,Portugal,sovereign_195,Europe & Central Asia,High income,fully_observed,75.9439,,51540.0,2024,observed,236,2024,observed,272.05,2024,observed,7,2025,observed,82.3829268292683,2024,observed,5146.35134570484,2023,observed,88.48704454,2024,observed,3.4,2023,observed,99.287612173499,2024,observed
PRY,Paraguay,sovereign_195,Latin America & Caribbean ,Upper middle income,calculated_with_substitution_or_inference,51.9488,,17900.0,2024,observed,1,2024,observed,1.63,2024,observed,0,2025,inferred_zero,73.982,2024,observed,2388.61064623694,2023,observed,81.57806793,2024,observed,2.7,2023,observed,99.6035956651355,2024,observed
PSE,West Bank and Gaza,sovereign_195,"Middle East, North Africa, Afghanistan & Pakistan",Lower middle income,insufficient_data,,lpi,5020.0,2024,observed,0,2024,inferred_zero,3.41,2024,observed,0,2025,inferred_zero,69.213,2024,observed,1365.6,2022,substituted_alternative_source,86.63765334,2023,substituted_older_year,,,missing,98.7717073984261,2024,observed
PYF,French Polynesia,extended_economy_or_territory,East Asia & Pacific,High income,insufficient_data,,gni;internet;lpi,,,missing,0,2024,inferred_zero,2.64,2024,observed,1,2025,observed,84.192,2024,observed,2294.8,2022,substituted_alternative_source,,,missing,,,missing,100.0,2024,observed
QAT,Qatar,sovereign_195,"Middle East, North Africa, Afghanistan & Pakistan",High income,fully_observed,73.6735,,122350.0,2024,observed,6,2024,observed,31.46,2024,observed,1,2025,observed,82.522,2024,observed,19963.2383947181,2023,observed,98.08540344,2024,observed,3.5,2023,observed,99.9889721417312,2024,observed
ROU,Romania,sovereign_195,Europe & Central Asia,High income,calculated_with_substitution_or_inference,67.4048,,47920.0,2024,observed,49,2024,observed,52.19,2024,observed,0,2025,inferred_zero,76.4585365853659,2024,observed,2585.27043246593,2023,observed,91.29048551,2024,observed,3.2,2023,observed,99.9999994247989,2024,observed
RUS,Russian Federation,sovereign_195,Europe & Central Asia,High income,fully_observed,73.8176,,47090.0,2024,observed,698,2024,observed,458.39,2024,observed,5,2025,observed,73.4404878048781,2024,observed,7285.35211230393,2023,observed,94.36495368,2024,observed,2.6,2023,observed,96.9002616074642,2024,observed
RWA,Rwanda,sovereign_195,Sub-Saharan Africa ,Low income,calculated_with_substitution_or_inference,32.6048,,3700.0,2024,observed,0,2024,inferred_zero,4.9,2024,observed,0,2025,inferred_zero,68.017,2024,observed,76.6779335454565,2023,observed,31.70330048,2024,observed,2.8,2023,observed,61.392176021167,2024,observed
SAU,Saudi Arabia,sovereign_195,"Middle East, North Africa, Afghanistan & Pakistan",High income,fully_observed,80.9081,,72440.0,2024,observed,498,2024,observed,304.93,2024,observed,34,2025,observed,78.982,2024,observed,11910.5778104451,2023,observed,100.0,2024,observed,3.4,2023,observed,99.0407817713525,2024,observed
SDN,Sudan,sovereign_195,Sub-Saharan Africa ,Low income,insufficient_data,,internet,2050.0,2024,observed,0,2024,inferred_zero,1.49,2024,observed,0,2025,inferred_zero,66.521,2024,observed,222.629469247628,2023,observed,,,missing,2.4,2023,observed,64.8917129502851,2024,observed
SEN,Senegal,sovereign_195,Sub-Saharan Africa ,Lower middle income,calculated_with_substitution_or_inference,37.138,,4810.0,2024,observed,1,2024,observed,3.38,2024,observed,0,2025,inferred_zero,68.924,2024,observed,410.176742198745,2023,observed,60.11780167,2024,observed,2.25,2018,substituted_older_year,88.0435670438381,2024,observed
SGP,Singapore,sovereign_195,East Asia & Pacific,High income,fully_observed,87.0338,,126630.0,2024,observed,1964,2024,observed,856.12,2024,observed,86,2025,observed,83.3463414634146,2024,observed,9750.49546711802,2023,observed,94.37757178,2024,observed,4.3,2023,observed,100.0,2024,observed
SLB,Solomon Islands,sovereign_195,East Asia & Pacific,Lower middle income,calculated_with_substitution_or_inference,29.7354,,2680.0,2024,observed,0,2024,inferred_zero,0.1,2024,observed,0,2025,inferred_zero,70.694,2024,observed,107.9,2022,substituted_alternative_source,29.04070091,2024,observed,2.8,2023,observed,71.6090318452294,2024,observed
SLE,Sierra Leone,sovereign_195,Sub-Saharan Africa ,Low income,calculated_with_substitution_or_inference,28.832,,3500.0,2024,observed,0,2024,inferred_zero,2.33,2024,observed,0,2025,inferred_zero,61.964,2024,observed,41.3,2022,substituted_alternative_source,25.10499954,2024,observed,2.08,2018,substituted_older_year,68.0790238061869,2024,observed
SLV,El Salvador,sovereign_195,Latin America & Caribbean ,Upper middle income,calculated_with_substitution_or_inference,46.2082,,12400.0,2024,observed,3,2024,observed,0.03,2024,observed,0,2025,inferred_zero,72.302,2024,observed,1136.99326615976,2023,observed,66.47769928,2024,observed,2.7,2023,observed,91.6199927341916,2024,observed
SMR,San Marino,sovereign_195,Europe & Central Asia,High income,insufficient_data,,electricity;lpi,71920.0,2023,substituted_older_year,4,2024,observed,0.02,2024,observed,0,2025,inferred_zero,85.817,2024,observed,,,missing,97.35220337,2024,observed,,,missing,99.9999961845643,2024,observed
SOM,"Somalia, Fed. Rep.",sovereign_195,Sub-Saharan Africa ,Low income,calculated_with_substitution_or_inference,21.853,,1640.0,2024,observed,0,2024,inferred_zero,0.06,2024,observed,0,2025,inferred_zero,58.967,2024,observed,27.9,2022,substituted_alternative_source,27.94020081,2024,observed,2.0,2023,observed,75.2947964571377,2024,observed
SRB,Serbia,sovereign_195,Europe & Central Asia,Upper middle income,calculated_with_substitution_or_inference,62.6132,,30770.0,2024,observed,27,2024,observed,16.64,2024,observed,0,2025,inferred_zero,75.9682926829268,2024,observed,5089.5468236345,2023,observed,87.69071294,2024,observed,2.8,2023,observed,95.39838202106,2024,observed
SSD,South Sudan,sovereign_195,Sub-Saharan Africa ,Low income,insufficient_data,,gni;lpi,,,missing,0,2024,inferred_zero,0.39,2024,observed,0,2025,inferred_zero,57.738,2024,observed,47.8953311108739,2023,observed,6.671000004,2019,substituted_older_year,,,missing,39.7494391327564,2024,observed
STP,Sao Tome and Principe,sovereign_195,Sub-Saharan Africa ,Lower middle income,calculated_with_substitution_or_inference,37.0441,,6380.0,2024,observed,0,2024,inferred_zero,0.08,2024,observed,0,2025,inferred_zero,69.905,2024,observed,343.3,2022,substituted_alternative_source,59.11759949,2024,observed,2.65,2018,substituted_older_year,77.957445837032,2024,observed
SUR,Suriname,sovereign_195,Latin America & Caribbean ,Upper middle income,insufficient_data,,lpi,20030.0,2024,observed,0,2024,inferred_zero,0.04,2024,observed,0,2025,inferred_zero,73.757,2024,observed,2897.18645350668,2023,observed,87.4,2023,substituted_older_year,,,missing,97.9978493893275,2024,observed
SVK,Slovak Republic,sovereign_195,Europe & Central Asia,High income,calculated_with_substitution_or_inference,67.8175,,46290.0,2024,observed,46,2024,observed,22.55,2024,observed,0,2025,inferred_zero,78.3707317073171,2024,observed,4673.89261324478,2023,observed,89.82507032,2024,observed,3.3,2023,observed,99.7860717473563,2024,observed
SVN,Slovenia,sovereign_195,Europe & Central Asia,High income,calculated_with_substitution_or_inference,73.1651,,56960.0,2024,observed,118,2024,observed,67.8,2024,observed,0,2025,inferred_zero,82.2853658536585,2024,observed,6418.41561811323,2023,observed,90.76355487,2024,observed,3.3,2023,observed,99.5745942010052,2024,observed
SWE,Sweden,sovereign_195,Europe & Central Asia,High income,fully_observed,87.213,,74660.0,2024,observed,3762,2024,observed,1010.16,2024,observed,71,2025,observed,84.0634146341463,2024,observed,12149.5179863926,2023,observed,95.52930428,2024,observed,4.0,2023,observed,99.7607966673045,2024,observed
SWZ,Eswatini,sovereign_195,Sub-Saharan Africa ,Lower middle income,insufficient_data,,lpi,10330.0,2024,observed,0,2024,inferred_zero,0.35,2024,observed,0,2025,inferred_zero,64.264,2024,observed,1199.5065444622,2023,observed,63.40309906,2024,observed,,,missing,80.3737107191052,2024,observed
SXM,Sint Maarten (Dutch part),extended_economy_or_territory,Latin America & Caribbean ,High income,insufficient_data,,internet;lpi;water,52060.0,2024,observed,0,2024,inferred_zero,0,2024,inferred_zero,0,2025,inferred_zero,76.528,2024,observed,6677.9,2022,substituted_alternative_source,,,missing,,,missing,,,missing
SYC,Seychelles,sovereign_195,Sub-Saharan Africa ,High income,insufficient_data,,lpi,32310.0,2024,observed,5,2024,observed,0.66,2024,observed,0,2025,inferred_zero,76.2951219512195,2024,observed,3957,2022,substituted_alternative_source,87.81800079,2024,observed,,,missing,97.7273290215423,2024,observed
SYR,Syrian Arab Republic,sovereign_195,"Middle East, North Africa, Afghanistan & Pakistan",Low income,insufficient_data,,internet,4740.0,2022,substituted_older_year,3,2024,observed,0.12,2024,observed,0,2025,inferred_zero,72.56,2024,observed,853.965753129431,2023,observed,,,missing,2.3,2023,observed,94.1259941580026,2024,observed
TCA,Turks and Caicos Islands,extended_economy_or_territory,Latin America & Caribbean ,High income,insufficient_data,,internet;lpi,37500.0,2024,observed,0,2024,inferred_zero,0,2024,inferred_zero,0,2025,inferred_zero,78.181,2024,observed,5354.8,2022,substituted_alternative_source,,,missing,,,missing,98.8323379770944,2024,observed
TCD,Chad,sovereign_195,Sub-Saharan Africa ,Low income,calculated_with_substitution_or_inference,22.5827,,2670.0,2024,observed,0,2024,inferred_zero,0,2024,inferred_zero,0,2025,inferred_zero,55.238,2024,observed,13.7170206589719,2023,observed,12.62689972,2024,observed,2.42,2018,substituted_older_year,52.2090525523694,2024,observed
TGO,Togo,sovereign_195,Sub-Saharan Africa ,Lower middle income,calculated_with_substitution_or_inference,30.3134,,3820.0,2024,observed,0,2024,inferred_zero,1.13,2024,observed,0,2025,inferred_zero,62.935,2024,observed,245.748645707303,2023,observed,39.48320007,2024,observed,2.5,2023,observed,64.7862455498292,2024,observed
THA,Thailand,sovereign_195,East Asia & Pacific,Upper middle income,fully_observed,66.42,,24110.0,2024,observed,158,2024,observed,139.03,2024,observed,2,2025,observed,76.564,2024,observed,2965.2131060821,2023,observed,90.86718789,2024,observed,3.5,2023,observed,100.0,2024,observed
TJK,Tajikistan,sovereign_195,Europe & Central Asia,Lower middle income,calculated_with_substitution_or_inference,41.0673,,7080.0,2024,observed,0,2024,inferred_zero,0.94,2024,observed,0,2025,inferred_zero,71.927,2024,observed,1497.4303160244,2023,observed,55.79339981,2024,observed,2.5,2023,observed,89.1914749965589,2024,observed
TKM,Turkmenistan,sovereign_195,Europe & Central Asia,Upper middle income,insufficient_data,,internet,20800.0,2024,observed,1,2024,observed,0,2024,inferred_zero,0,2025,inferred_zero,70.201,2024,observed,2777.67291950859,2023,observed,,,missing,2.41,2018,substituted_older_year,99.9219552580212,2024,observed
TLS,Timor-Leste,sovereign_195,East Asia & Pacific,Lower middle income,insufficient_data,,lpi,5050.0,2024,observed,0,2024,inferred_zero,0.04,2024,observed,0,2025,inferred_zero,67.904,2024,observed,284.8,2022,substituted_alternative_source,35.04199982,2021,substituted_older_year,,,missing,87.3296506057336,2024,observed
TON,Tonga,sovereign_195,East Asia & Pacific,Upper middle income,insufficient_data,,lpi,8760.0,2024,observed,0,2024,inferred_zero,0.13,2024,observed,0,2025,inferred_zero,73.07,2024,observed,661.6,2022,substituted_alternative_source,67.4417038,2024,observed,,,missing,98.8583466602623,2024,observed
TTO,Trinidad and Tobago,sovereign_195,Latin America & Caribbean ,High income,calculated_with_substitution_or_inference,56.6729,,35800.0,2024,observed,0,2024,inferred_zero,0.45,2024,observed,0,2025,inferred_zero,73.617,2024,observed,6663.93664397335,2023,observed,82.15989685,2024,observed,2.5,2023,observed,99.2503077495039,2024,observed
TUN,Tunisia,sovereign_195,"Middle East, North Africa, Afghanistan & Pakistan",Lower middle income,calculated_with_substitution_or_inference,53.5836,,14260.0,2024,observed,8,2024,observed,14.72,2024,observed,0,2025,inferred_zero,76.711,2024,observed,1628.63098852819,2023,observed,76.5,2024,observed,2.57,2018,substituted_older_year,96.7327873288014,2024,observed
TUR,Turkiye,sovereign_195,Europe & Central Asia,Upper middle income,fully_observed,73.8709,,44510.0,2024,observed,1983,2024,observed,300.78,2024,observed,1,2025,observed,77.421,2024,observed,3581.25454543643,2023,observed,87.3078767,2024,observed,3.4,2023,observed,95.9866257794699,2024,observed
TUV,Tuvalu,sovereign_195,East Asia & Pacific,Upper middle income,insufficient_data,,internet;lpi,8820.0,2024,observed,0,2024,inferred_zero,0,2024,inferred_zero,0,2025,inferred_zero,67.259,2024,observed,717.9,2022,substituted_alternative_source,,,missing,,,missing,98.7415397759091,2024,observed
TWN,Taiwan,extended_economy_or_territory,East Asia & Pacific,,insufficient_data,,gni;life;electricity;internet;lpi;water,,,missing,0,2024,inferred_zero,692.26,2024,observed,10,2025,observed,,,missing,,,missing,,,missing,,,missing,,,missing
TZA,Tanzania,sovereign_195,Sub-Saharan Africa ,Lower middle income,calculated_with_substitution_or_inference,34.5234,,4130.0,2024,observed,0,2024,inferred_zero,14.1,2024,observed,0,2025,inferred_zero,67.212,2024,observed,134.964321593904,2023,observed,31.16209984,2024,observed,2.990185,2016,substituted_older_year,64.6059619473789,2024,observed
UGA,Uganda,sovereign_195,Sub-Saharan Africa ,Low income,calculated_with_substitution_or_inference,34.1782,,3190.0,2024,observed,6,2024,observed,27.53,2024,observed,0,2025,inferred_zero,68.487,2024,observed,95.2799806135246,2023,observed,8.949831061,2024,observed,2.58,2018,substituted_older_year,63.0058015721971,2024,observed
UKR,Ukraine,sovereign_195,Europe & Central Asia,Upper middle income,calculated_with_substitution_or_inference,59.445,,18690.0,2024,observed,113,2024,observed,36.34,2024,observed,0,2025,inferred_zero,74.692,2024,observed,2516.32291831974,2023,observed,82.47489929,2024,observed,2.7,2023,observed,93.4790922597539,2024,observed
URY,Uruguay,sovereign_195,Latin America & Caribbean ,High income,calculated_with_substitution_or_inference,62.9656,,34370.0,2024,observed,11,2024,observed,11.08,2024,observed,0,2025,inferred_zero,78.287,2024,observed,3789.75591197495,2023,observed,91.99109007,2024,observed,3.0,2023,observed,99.6326913879836,2024,observed
USA,United States,sovereign_195,North America,High income,fully_observed,94.8559,,85270.0,2024,observed,54293,2024,observed,24957.74,2024,observed,2658,2025,observed,78.890243902439,2024,observed,12553.1331301304,2023,observed,94.69380188,2024,observed,3.8,2023,observed,99.9804443465812,2024,observed
UZB,Uzbekistan,sovereign_195,Europe & Central Asia,Lower middle income,calculated_with_substitution_or_inference,52.6069,,12640.0,2024,observed,6,2024,observed,19.43,2024,observed,0,2025,inferred_zero,72.528,2024,observed,2059.24963004498,2023,observed,89.50550079,2024,observed,2.6,2023,observed,97.2904869756033,2024,observed
VAT,Vatican,sovereign_195,Europe & Central Asia,,insufficient_data,,gni;life;electricity;internet;lpi;water,,,missing,0,2024,inferred_zero,0.64,2024,observed,0,2025,inferred_zero,,,missing,,,missing,,,missing,,,missing,,,missing
VCT,St. Vincent and the Grenadines,sovereign_195,Latin America & Caribbean ,Upper middle income,insufficient_data,,lpi;water,21480.0,2024,observed,0,2024,inferred_zero,0,2024,inferred_zero,0,2025,inferred_zero,71.382,2024,observed,1418.6,2022,substituted_alternative_source,76.19010162,2024,observed,,,missing,,,missing
VEN,"Venezuela, RB",sovereign_195,Latin America & Caribbean ,Lower middle income,insufficient_data,,gni,,,missing,1,2024,observed,1.37,2024,observed,0,2025,inferred_zero,72.673,2024,observed,1952.80326169663,2023,observed,76.67890167,2024,observed,2.3,2023,observed,93.3316109894304,2024,observed
VGB,British Virgin Islands,extended_economy_or_territory,Latin America & Caribbean ,High income,insufficient_data,,gni;internet;lpi,,,missing,0,2024,inferred_zero,0,2024,inferred_zero,0,2025,inferred_zero,77.431,2024,observed,4560.5,2022,substituted_alternative_source,,,missing,,,missing,99.8643835616439,2024,observed
VIR,Virgin Islands (U.S.),extended_economy_or_territory,Latin America & Caribbean ,High income,insufficient_data,,gni;internet;lpi,,,missing,0,2024,inferred_zero,0,2024,inferred_zero,0,2025,inferred_zero,80.7707317073171,2024,observed,7230.6,2022,substituted_alternative_source,,,missing,,,missing,99.4656802967685,2024,observed
VNM,Viet Nam,sovereign_195,East Asia & Pacific,Upper middle income,calculated_with_substitution_or_inference,58.923,,15850.0,2024,observed,30,2024,observed,76.3,2024,observed,0,2025,inferred_zero,74.736,2024,observed,2585.49409663119,2023,observed,84.15,2024,observed,3.3,2023,observed,98.761246653694,2024,observed
VUT,Vanuatu,sovereign_195,East Asia & Pacific,Lower middle income,insufficient_data,,internet;lpi,4680.0,2024,observed,0,2024,inferred_zero,0.11,2024,observed,0,2025,inferred_zero,71.654,2024,observed,243.4,2022,substituted_alternative_source,,,missing,,,missing,87.1200605921327,2024,observed
WSM,Samoa,sovereign_195,East Asia & Pacific,Upper middle income,insufficient_data,,internet;lpi,8640.0,2024,observed,1,2024,observed,0.59,2024,observed,0,2025,inferred_zero,71.826,2024,observed,713.5,2022,substituted_alternative_source,,,missing,,,missing,99.4409290344985,2024,observed
XKX,Kosovo,extended_economy_or_territory,Europe & Central Asia,Upper middle income,insufficient_data,,internet;lpi;water,18320.0,2024,observed,0,2024,inferred_zero,0.12,2024,observed,0,2025,inferred_zero,78.222,2024,observed,3325.5,2022,substituted_alternative_source,,,missing,,,missing,,,missing
YEM,"Yemen, Rep.",sovereign_195,"Middle East, North Africa, Afghanistan & Pakistan",Low income,insufficient_data,,gni,,,missing,0,2024,inferred_zero,0.32,2024,observed,0,2025,inferred_zero,69.439,2024,observed,89.7417693913749,2023,observed,17.49099922,2019,substituted_older_year,2.2,2023,observed,75.0357620960457,2024,observed
ZAF,South Africa,sovereign_195,Sub-Saharan Africa ,Upper middle income,fully_observed,60.6276,,15170.0,2024,observed,165,2024,observed,161.42,2024,observed,11,2025,observed,66.312,2024,observed,3247.14853342661,2023,observed,78.35759735,2024,observed,3.7,2023,observed,90.1916801364739,2024,observed
ZMB,Zambia,sovereign_195,Sub-Saharan Africa ,Lower middle income,calculated_with_substitution_or_inference,32.8489,,3760.0,2024,observed,0,2024,inferred_zero,7.73,2024,observed,0,2025,inferred_zero,66.528,2024,observed,726.743169079855,2023,observed,17.10099983,2024,observed,2.53,2018,substituted_older_year,73.4120376414689,2024,observed
ZWE,Zimbabwe,sovereign_195,Sub-Saharan Africa ,Lower middle income,calculated_with_substitution_or_inference,35.138,,5870.0,2024,observed,0,2024,inferred_zero,8.03,2024,observed,0,2025,inferred_zero,63.064,2024,observed,503.769027041602,2023,observed,41.64279938,2024,observed,2.5,2023,observed,67.2110209689938,2024,observed
