scope,name,share_2024,source_url
regions-Asia Pacific,China,43075.34,https://www.nature.com/nature-index/research-leaders/2025/country/all/regions-Asia%20Pacific
regions-Asia Pacific,Japan,3570.16,https://www.nature.com/nature-index/research-leaders/2025/country/all/regions-Asia%20Pacific
regions-Asia Pacific,South Korea,2577.58,https://www.nature.com/nature-index/research-leaders/2025/country/all/regions-Asia%20Pacific
regions-Asia Pacific,India,2378.16,https://www.nature.com/nature-index/research-leaders/2025/country/all/regions-Asia%20Pacific
regions-Asia Pacific,Australia,1870.17,https://www.nature.com/nature-index/research-leaders/2025/country/all/regions-Asia%20Pacific
regions-Asia Pacific,Singapore,856.12,https://www.nature.com/nature-index/research-leaders/2025/country/all/regions-Asia%20Pacific
regions-Asia Pacific,Taiwan,692.26,https://www.nature.com/nature-index/research-leaders/2025/country/all/regions-Asia%20Pacific
regions-Asia Pacific,New Zealand,170.3,https://www.nature.com/nature-index/research-leaders/2025/country/all/regions-Asia%20Pacific
regions-Asia Pacific,Thailand,139.03,https://www.nature.com/nature-index/research-leaders/2025/country/all/regions-Asia%20Pacific
regions-Asia Pacific,Malaysia,111.4,https://www.nature.com/nature-index/research-leaders/2025/country/all/regions-Asia%20Pacific
regions-Asia Pacific,Vietnam,76.3,https://www.nature.com/nature-index/research-leaders/2025/country/all/regions-Asia%20Pacific
regions-Asia Pacific,Bangladesh,49.65,https://www.nature.com/nature-index/research-leaders/2025/country/all/regions-Asia%20Pacific
regions-Asia Pacific,Indonesia,41.67,https://www.nature.com/nature-index/research-leaders/2025/country/all/regions-Asia%20Pacific
regions-Asia Pacific,Philippines,21.07,https://www.nature.com/nature-index/research-leaders/2025/country/all/regions-Asia%20Pacific
regions-Asia Pacific,Sri Lanka,15.17,https://www.nature.com/nature-index/research-leaders/2025/country/all/regions-Asia%20Pacific
regions-Asia Pacific,Nepal,10.99,https://www.nature.com/nature-index/research-leaders/2025/country/all/regions-Asia%20Pacific
regions-Asia Pacific,North Korea,5.08,https://www.nature.com/nature-index/research-leaders/2025/country/all/regions-Asia%20Pacific
regions-Asia Pacific,Cambodia,4.79,https://www.nature.com/nature-index/research-leaders/2025/country/all/regions-Asia%20Pacific
regions-Asia Pacific,Myanmar,3.53,https://www.nature.com/nature-index/research-leaders/2025/country/all/regions-Asia%20Pacific
regions-Asia Pacific,Mongolia,2.99,https://www.nature.com/nature-index/research-leaders/2025/country/all/regions-Asia%20Pacific
regions-Asia Pacific,French Polynesia,2.64,https://www.nature.com/nature-index/research-leaders/2025/country/all/regions-Asia%20Pacific
regions-Asia Pacific,Brunei,2.12,https://www.nature.com/nature-index/research-leaders/2025/country/all/regions-Asia%20Pacific
regions-Asia Pacific,Papua New Guinea,2.11,https://www.nature.com/nature-index/research-leaders/2025/country/all/regions-Asia%20Pacific
regions-Asia Pacific,Laos,1.65,https://www.nature.com/nature-index/research-leaders/2025/country/all/regions-Asia%20Pacific
regions-Asia Pacific,Fiji,0.69,https://www.nature.com/nature-index/research-leaders/2025/country/all/regions-Asia%20Pacific
regions-Asia Pacific,Palau,0.68,https://www.nature.com/nature-index/research-leaders/2025/country/all/regions-Asia%20Pacific
regions-Asia Pacific,Samoa,0.59,https://www.nature.com/nature-index/research-leaders/2025/country/all/regions-Asia%20Pacific
regions-Asia Pacific,Kiribati,0.3,https://www.nature.com/nature-index/research-leaders/2025/country/all/regions-Asia%20Pacific
regions-Asia Pacific,Bhutan,0.2,https://www.nature.com/nature-index/research-leaders/2025/country/all/regions-Asia%20Pacific
regions-Asia Pacific,Tonga,0.13,https://www.nature.com/nature-index/research-leaders/2025/country/all/regions-Asia%20Pacific
regions-Asia Pacific,Vanuatu,0.11,https://www.nature.com/nature-index/research-leaders/2025/country/all/regions-Asia%20Pacific
regions-Asia Pacific,Solomon Islands,0.1,https://www.nature.com/nature-index/research-leaders/2025/country/all/regions-Asia%20Pacific
regions-Asia Pacific,Timor-Leste,0.04,https://www.nature.com/nature-index/research-leaders/2025/country/all/regions-Asia%20Pacific
regions-Europe,Germany,5671.75,https://www.nature.com/nature-index/research-leaders/2025/country/all/regions-Europe
regions-Europe,United Kingdom (UK),4699.65,https://www.nature.com/nature-index/research-leaders/2025/country/all/regions-Europe
regions-Europe,France,2725.87,https://www.nature.com/nature-index/research-leaders/2025/country/all/regions-Europe
regions-Europe,Italy,1885.88,https://www.nature.com/nature-index/research-leaders/2025/country/all/regions-Europe
regions-Europe,Spain,1871.3,https://www.nature.com/nature-index/research-leaders/2025/country/all/regions-Europe
regions-Europe,Switzerland,1701.85,https://www.nature.com/nature-index/research-leaders/2025/country/all/regions-Europe
regions-Europe,Netherlands,1469.37,https://www.nature.com/nature-index/research-leaders/2025/country/all/regions-Europe
regions-Europe,Sweden,1010.16,https://www.nature.com/nature-index/research-leaders/2025/country/all/regions-Europe
regions-Europe,Denmark,785.52,https://www.nature.com/nature-index/research-leaders/2025/country/all/regions-Europe
regions-Europe,Belgium,632.29,https://www.nature.com/nature-index/research-leaders/2025/country/all/regions-Europe
regions-Europe,Austria,540.25,https://www.nature.com/nature-index/research-leaders/2025/country/all/regions-Europe
regions-Europe,Poland,472.82,https://www.nature.com/nature-index/research-leaders/2025/country/all/regions-Europe
regions-Europe,Russia,458.39,https://www.nature.com/nature-index/research-leaders/2025/country/all/regions-Europe
regions-Europe,Finland,422.89,https://www.nature.com/nature-index/research-leaders/2025/country/all/regions-Europe
regions-Europe,Norway,372.76,https://www.nature.com/nature-index/research-leaders/2025/country/all/regions-Europe
regions-Europe,Czech Republic,341.31,https://www.nature.com/nature-index/research-leaders/2025/country/all/regions-Europe
regions-Europe,Portugal,272.05,https://www.nature.com/nature-index/research-leaders/2025/country/all/regions-Europe
regions-Europe,Ireland,187.47,https://www.nature.com/nature-index/research-leaders/2025/country/all/regions-Europe
regions-Europe,Greece,165.78,https://www.nature.com/nature-index/research-leaders/2025/country/all/regions-Europe
regions-Europe,Hungary,131.8,https://www.nature.com/nature-index/research-leaders/2025/country/all/regions-Europe
regions-Europe,Slovenia,67.8,https://www.nature.com/nature-index/research-leaders/2025/country/all/regions-Europe
regions-Europe,Romania,52.19,https://www.nature.com/nature-index/research-leaders/2025/country/all/regions-Europe
regions-Europe,Croatia,49.14,https://www.nature.com/nature-index/research-leaders/2025/country/all/regions-Europe
regions-Europe,Iceland,45.29,https://www.nature.com/nature-index/research-leaders/2025/country/all/regions-Europe
regions-Europe,Estonia,39.77,https://www.nature.com/nature-index/research-leaders/2025/country/all/regions-Europe
regions-Europe,Luxembourg,39.19,https://www.nature.com/nature-index/research-leaders/2025/country/all/regions-Europe
regions-Europe,Ukraine,36.34,https://www.nature.com/nature-index/research-leaders/2025/country/all/regions-Europe
regions-Europe,Lithuania,32.29,https://www.nature.com/nature-index/research-leaders/2025/country/all/regions-Europe
regions-Europe,Cyprus,28.58,https://www.nature.com/nature-index/research-leaders/2025/country/all/regions-Europe
regions-Europe,Slovakia,22.55,https://www.nature.com/nature-index/research-leaders/2025/country/all/regions-Europe
regions-Europe,Bulgaria,20.75,https://www.nature.com/nature-index/research-leaders/2025/country/all/regions-Europe
regions-Europe,Serbia,16.64,https://www.nature.com/nature-index/research-leaders/2025/country/all/regions-Europe
regions-Europe,Latvia,15.16,https://www.nature.com/nature-index/research-leaders/2025/country/all/regions-Europe
regions-Europe,North Macedonia,4.29,https://www.nature.com/nature-index/research-leaders/2025/country/all/regions-Europe
regions-Europe,Belarus,3.6,https://www.nature.com/nature-index/research-leaders/2025/country/all/regions-Europe
regions-Europe,Malta,3.24,https://www.nature.com/nature-index/research-leaders/2025/country/all/regions-Europe
regions-Europe,Faroe Islands,2.31,https://www.nature.com/nature-index/research-leaders/2025/country/all/regions-Europe
regions-Europe,Moldova,2.02,https://www.nature.com/nature-index/research-leaders/2025/country/all/regions-Europe
regions-Europe,Liechtenstein,1.14,https://www.nature.com/nature-index/research-leaders/2025/country/all/regions-Europe
regions-Europe,Bosnia and Herzegovina,0.96,https://www.nature.com/nature-index/research-leaders/2025/country/all/regions-Europe
regions-Europe,Montenegro,0.64,https://www.nature.com/nature-index/research-leaders/2025/country/all/regions-Europe
regions-Europe,Vatican,0.64,https://www.nature.com/nature-index/research-leaders/2025/country/all/regions-Europe
regions-Europe,Albania,0.56,https://www.nature.com/nature-index/research-leaders/2025/country/all/regions-Europe
regions-Europe,Monaco,0.39,https://www.nature.com/nature-index/research-leaders/2025/country/all/regions-Europe
regions-Europe,Kosovo,0.12,https://www.nature.com/nature-index/research-leaders/2025/country/all/regions-Europe
regions-Europe,San Marino,0.02,https://www.nature.com/nature-index/research-leaders/2025/country/all/regions-Europe
regions-South America,Brazil,586.28,https://www.nature.com/nature-index/research-leaders/2025/country/all/regions-South%20America
regions-South America,Chile,185.92,https://www.nature.com/nature-index/research-leaders/2025/country/all/regions-South%20America
regions-South America,Argentina,125.2,https://www.nature.com/nature-index/research-leaders/2025/country/all/regions-South%20America
regions-South America,Colombia,49.77,https://www.nature.com/nature-index/research-leaders/2025/country/all/regions-South%20America
regions-South America,Ecuador,17.84,https://www.nature.com/nature-index/research-leaders/2025/country/all/regions-South%20America
regions-South America,Peru,15.59,https://www.nature.com/nature-index/research-leaders/2025/country/all/regions-South%20America
regions-South America,Uruguay,11.08,https://www.nature.com/nature-index/research-leaders/2025/country/all/regions-South%20America
regions-South America,Bolivia,2.79,https://www.nature.com/nature-index/research-leaders/2025/country/all/regions-South%20America
regions-South America,Paraguay,1.63,https://www.nature.com/nature-index/research-leaders/2025/country/all/regions-South%20America
regions-South America,Venezuela,1.37,https://www.nature.com/nature-index/research-leaders/2025/country/all/regions-South%20America
regions-South America,Guyana,0.63,https://www.nature.com/nature-index/research-leaders/2025/country/all/regions-South%20America
regions-South America,French Guiana,0.1,https://www.nature.com/nature-index/research-leaders/2025/country/all/regions-South%20America
regions-South America,Suriname,0.04,https://www.nature.com/nature-index/research-leaders/2025/country/all/regions-South%20America
regions-North America,United States of America (USA),24957.74,https://www.nature.com/nature-index/research-leaders/2025/country/all/regions-North%20America
regions-North America,Canada,2286.45,https://www.nature.com/nature-index/research-leaders/2025/country/all/regions-North%20America
regions-North America,Mexico,159.35,https://www.nature.com/nature-index/research-leaders/2025/country/all/regions-North%20America
regions-North America,Costa Rica,10.49,https://www.nature.com/nature-index/research-leaders/2025/country/all/regions-North%20America
regions-North America,Panama,8.1,https://www.nature.com/nature-index/research-leaders/2025/country/all/regions-North%20America
regions-North America,Cuba,2.39,https://www.nature.com/nature-index/research-leaders/2025/country/all/regions-North%20America
regions-North America,Nicaragua,2.33,https://www.nature.com/nature-index/research-leaders/2025/country/all/regions-North%20America
regions-North America,Guatemala,2.13,https://www.nature.com/nature-index/research-leaders/2025/country/all/regions-North%20America
regions-North America,Haiti,1.28,https://www.nature.com/nature-index/research-leaders/2025/country/all/regions-North%20America
regions-North America,Bahamas,1.12,https://www.nature.com/nature-index/research-leaders/2025/country/all/regions-North%20America
regions-North America,Jamaica,1.04,https://www.nature.com/nature-index/research-leaders/2025/country/all/regions-North%20America
regions-North America,Honduras,0.9,https://www.nature.com/nature-index/research-leaders/2025/country/all/regions-North%20America
regions-North America,Greenland,0.77,https://www.nature.com/nature-index/research-leaders/2025/country/all/regions-North%20America
regions-North America,Dominican Republic,0.57,https://www.nature.com/nature-index/research-leaders/2025/country/all/regions-North%20America
regions-North America,Trinidad and Tobago,0.45,https://www.nature.com/nature-index/research-leaders/2025/country/all/regions-North%20America
regions-North America,Belize,0.26,https://www.nature.com/nature-index/research-leaders/2025/country/all/regions-North%20America
regions-North America,Grenada,0.16,https://www.nature.com/nature-index/research-leaders/2025/country/all/regions-North%20America
regions-North America,Barbados,0.1,https://www.nature.com/nature-index/research-leaders/2025/country/all/regions-North%20America
regions-North America,Dominica,0.05,https://www.nature.com/nature-index/research-leaders/2025/country/all/regions-North%20America
regions-North America,El Salvador,0.03,https://www.nature.com/nature-index/research-leaders/2025/country/all/regions-North%20America
regions-North America,Aruba,0.03,https://www.nature.com/nature-index/research-leaders/2025/country/all/regions-North%20America
regions-North America,Saint Kitts and Nevis,0.02,https://www.nature.com/nature-index/research-leaders/2025/country/all/regions-North%20America
regions-North America,Antigua and Barbuda,0.01,https://www.nature.com/nature-index/research-leaders/2025/country/all/regions-North%20America
regions-Western Asia,Israel,721.16,https://www.nature.com/nature-index/research-leaders/2025/country/all/regions-Western%20Asia
regions-Western Asia,Iran,428.85,https://www.nature.com/nature-index/research-leaders/2025/country/all/regions-Western%20Asia
regions-Western Asia,Saudi Arabia,304.93,https://www.nature.com/nature-index/research-leaders/2025/country/all/regions-Western%20Asia
regions-Western Asia,Turkey,300.78,https://www.nature.com/nature-index/research-leaders/2025/country/all/regions-Western%20Asia
regions-Western Asia,Pakistan,106.98,https://www.nature.com/nature-index/research-leaders/2025/country/all/regions-Western%20Asia
regions-Western Asia,United Arab Emirates,100.63,https://www.nature.com/nature-index/research-leaders/2025/country/all/regions-Western%20Asia
regions-Western Asia,Qatar,31.46,https://www.nature.com/nature-index/research-leaders/2025/country/all/regions-Western%20Asia
regions-Western Asia,Uzbekistan,19.43,https://www.nature.com/nature-index/research-leaders/2025/country/all/regions-Western%20Asia
regions-Western Asia,Oman,18.95,https://www.nature.com/nature-index/research-leaders/2025/country/all/regions-Western%20Asia
regions-Western Asia,Lebanon,17.91,https://www.nature.com/nature-index/research-leaders/2025/country/all/regions-Western%20Asia
regions-Western Asia,Kazakhstan,17.84,https://www.nature.com/nature-index/research-leaders/2025/country/all/regions-Western%20Asia
regions-Western Asia,Jordan,16.71,https://www.nature.com/nature-index/research-leaders/2025/country/all/regions-Western%20Asia
regions-Western Asia,Iraq,15.18,https://www.nature.com/nature-index/research-leaders/2025/country/all/regions-Western%20Asia
regions-Western Asia,Kuwait,12.37,https://www.nature.com/nature-index/research-leaders/2025/country/all/regions-Western%20Asia
regions-Western Asia,Georgia,10.13,https://www.nature.com/nature-index/research-leaders/2025/country/all/regions-Western%20Asia
regions-Western Asia,Azerbaijan,8.39,https://www.nature.com/nature-index/research-leaders/2025/country/all/regions-Western%20Asia
regions-Western Asia,Armenia,7.24,https://www.nature.com/nature-index/research-leaders/2025/country/all/regions-Western%20Asia
regions-Western Asia,Palestinian territories,3.41,https://www.nature.com/nature-index/research-leaders/2025/country/all/regions-Western%20Asia
regions-Western Asia,Afghanistan,1.23,https://www.nature.com/nature-index/research-leaders/2025/country/all/regions-Western%20Asia
regions-Western Asia,Bahrain,1.1,https://www.nature.com/nature-index/research-leaders/2025/country/all/regions-Western%20Asia
regions-Western Asia,Kyrgyzstan,1.07,https://www.nature.com/nature-index/research-leaders/2025/country/all/regions-Western%20Asia
regions-Western Asia,Tajikistan,0.94,https://www.nature.com/nature-index/research-leaders/2025/country/all/regions-Western%20Asia
regions-Western Asia,Yemen,0.32,https://www.nature.com/nature-index/research-leaders/2025/country/all/regions-Western%20Asia
regions-Western Asia,Syria,0.12,https://www.nature.com/nature-index/research-leaders/2025/country/all/regions-Western%20Asia
regions-Africa,South Africa,161.42,https://www.nature.com/nature-index/research-leaders/2025/country/all/regions-Africa
regions-Africa,Egypt,75.83,https://www.nature.com/nature-index/research-leaders/2025/country/all/regions-Africa
regions-Africa,Morocco,40.57,https://www.nature.com/nature-index/research-leaders/2025/country/all/regions-Africa
regions-Africa,Kenya,28.47,https://www.nature.com/nature-index/research-leaders/2025/country/all/regions-Africa
regions-Africa,Uganda,27.53,https://www.nature.com/nature-index/research-leaders/2025/country/all/regions-Africa
regions-Africa,Nigeria,24.23,https://www.nature.com/nature-index/research-leaders/2025/country/all/regions-Africa
regions-Africa,Ghana,22.64,https://www.nature.com/nature-index/research-leaders/2025/country/all/regions-Africa
regions-Africa,Ethiopia,17.92,https://www.nature.com/nature-index/research-leaders/2025/country/all/regions-Africa
regions-Africa,Algeria,15.41,https://www.nature.com/nature-index/research-leaders/2025/country/all/regions-Africa
regions-Africa,Tunisia,14.72,https://www.nature.com/nature-index/research-leaders/2025/country/all/regions-Africa
regions-Africa,Tanzania,14.1,https://www.nature.com/nature-index/research-leaders/2025/country/all/regions-Africa
regions-Africa,Malawi,12.59,https://www.nature.com/nature-index/research-leaders/2025/country/all/regions-Africa
regions-Africa,Cameroon,9.79,https://www.nature.com/nature-index/research-leaders/2025/country/all/regions-Africa
regions-Africa,Zimbabwe,8.03,https://www.nature.com/nature-index/research-leaders/2025/country/all/regions-Africa
regions-Africa,Zambia,7.73,https://www.nature.com/nature-index/research-leaders/2025/country/all/regions-Africa
regions-Africa,Burkina Faso,7.15,https://www.nature.com/nature-index/research-leaders/2025/country/all/regions-Africa
regions-Africa,Democratic Republic of the Congo (DRC),5.98,https://www.nature.com/nature-index/research-leaders/2025/country/all/regions-Africa
regions-Africa,Rwanda,4.9,https://www.nature.com/nature-index/research-leaders/2025/country/all/regions-Africa
regions-Africa,Gambia,3.73,https://www.nature.com/nature-index/research-leaders/2025/country/all/regions-Africa
regions-Africa,Mali,3.7,https://www.nature.com/nature-index/research-leaders/2025/country/all/regions-Africa
regions-Africa,Botswana,3.63,https://www.nature.com/nature-index/research-leaders/2025/country/all/regions-Africa
regions-Africa,Côte d'Ivoire,3.47,https://www.nature.com/nature-index/research-leaders/2025/country/all/regions-Africa
regions-Africa,Senegal,3.38,https://www.nature.com/nature-index/research-leaders/2025/country/all/regions-Africa
regions-Africa,Madagascar,2.63,https://www.nature.com/nature-index/research-leaders/2025/country/all/regions-Africa
regions-Africa,Libya,2.46,https://www.nature.com/nature-index/research-leaders/2025/country/all/regions-Africa
regions-Africa,Sierra Leone,2.33,https://www.nature.com/nature-index/research-leaders/2025/country/all/regions-Africa
regions-Africa,Mozambique,1.89,https://www.nature.com/nature-index/research-leaders/2025/country/all/regions-Africa
regions-Africa,Niger,1.56,https://www.nature.com/nature-index/research-leaders/2025/country/all/regions-Africa
regions-Africa,Sudan,1.49,https://www.nature.com/nature-index/research-leaders/2025/country/all/regions-Africa
regions-Africa,Benin,1.42,https://www.nature.com/nature-index/research-leaders/2025/country/all/regions-Africa
regions-Africa,Mauritius,1.35,https://www.nature.com/nature-index/research-leaders/2025/country/all/regions-Africa
regions-Africa,Congo,1.28,https://www.nature.com/nature-index/research-leaders/2025/country/all/regions-Africa
regions-Africa,Lesotho,1.14,https://www.nature.com/nature-index/research-leaders/2025/country/all/regions-Africa
regions-Africa,Togo,1.13,https://www.nature.com/nature-index/research-leaders/2025/country/all/regions-Africa
regions-Africa,Namibia,1.08,https://www.nature.com/nature-index/research-leaders/2025/country/all/regions-Africa
regions-Africa,Guinea,0.94,https://www.nature.com/nature-index/research-leaders/2025/country/all/regions-Africa
regions-Africa,Angola,0.92,https://www.nature.com/nature-index/research-leaders/2025/country/all/regions-Africa
regions-Africa,Guinea-Bissau,0.73,https://www.nature.com/nature-index/research-leaders/2025/country/all/regions-Africa
regions-Africa,Djibouti,0.72,https://www.nature.com/nature-index/research-leaders/2025/country/all/regions-Africa
regions-Africa,Seychelles,0.66,https://www.nature.com/nature-index/research-leaders/2025/country/all/regions-Africa
regions-Africa,Gabon,0.63,https://www.nature.com/nature-index/research-leaders/2025/country/all/regions-Africa
regions-Africa,Comoros,0.61,https://www.nature.com/nature-index/research-leaders/2025/country/all/regions-Africa
regions-Africa,Equatorial Guinea,0.53,https://www.nature.com/nature-index/research-leaders/2025/country/all/regions-Africa
regions-Africa,Liberia,0.52,https://www.nature.com/nature-index/research-leaders/2025/country/all/regions-Africa
regions-Africa,South Sudan,0.39,https://www.nature.com/nature-index/research-leaders/2025/country/all/regions-Africa
regions-Africa,Cape Verde,0.39,https://www.nature.com/nature-index/research-leaders/2025/country/all/regions-Africa
regions-Africa,Eswatini,0.35,https://www.nature.com/nature-index/research-leaders/2025/country/all/regions-Africa
regions-Africa,Central African Republic,0.13,https://www.nature.com/nature-index/research-leaders/2025/country/all/regions-Africa
regions-Africa,Sao Tome and Principe,0.08,https://www.nature.com/nature-index/research-leaders/2025/country/all/regions-Africa
regions-Africa,Somalia,0.06,https://www.nature.com/nature-index/research-leaders/2025/country/all/regions-Africa
