name,electricity_consumption_kwh_per_capita_2022,source_url
Afghanistan,144.2,https://desapublications.un.org/file/21030/download
Albania,2329.6,https://desapublications.un.org/file/21030/download
Algeria,1484.4,https://desapublications.un.org/file/21030/download
American Samoa,3292.2,https://desapublications.un.org/file/21030/download
Andorra,5922.5,https://desapublications.un.org/file/21030/download
Angola,387.8,https://desapublications.un.org/file/21030/download
Anguilla,6077,https://desapublications.un.org/file/21030/download
Antigua and Barbuda,3392.9,https://desapublications.un.org/file/21030/download
Argentina,2739.9,https://desapublications.un.org/file/21030/download
Armenia,2334.4,https://desapublications.un.org/file/21030/download
Aruba,7361,https://desapublications.un.org/file/21030/download
Australia,8428.7,https://desapublications.un.org/file/21030/download
Austria,7045.6,https://desapublications.un.org/file/21030/download
Azerbaijan,1967.8,https://desapublications.un.org/file/21030/download
Bahamas,4295.5,https://desapublications.un.org/file/21030/download
Bahrain,22461.4,https://desapublications.un.org/file/21030/download
Bangladesh,548.1,https://desapublications.un.org/file/21030/download
Barbados,3327,https://desapublications.un.org/file/21030/download
Belarus,3400.3,https://desapublications.un.org/file/21030/download
Belgium,6576,https://desapublications.un.org/file/21030/download
Belize,1543.5,https://desapublications.un.org/file/21030/download
Benin,107.6,https://desapublications.un.org/file/21030/download
Bermuda,8131.4,https://desapublications.un.org/file/21030/download
Bhutan,3159.5,https://desapublications.un.org/file/21030/download
Bolivia (Plurinational State of),787.1,https://desapublications.un.org/file/21030/download
"Bonaire, Sint Eustatius and Saba",4377,https://desapublications.un.org/file/21030/download
Bosnia and Herzegovina,3313.2,https://desapublications.un.org/file/21030/download
Botswana,1617.8,https://desapublications.un.org/file/21030/download
Brazil,2619.7,https://desapublications.un.org/file/21030/download
British Virgin Islands,4560.5,https://desapublications.un.org/file/21030/download
Brunei Darussalam,9997.9,https://desapublications.un.org/file/21030/download
Bulgaria,4500.4,https://desapublications.un.org/file/21030/download
Burkina Faso,119.7,https://desapublications.un.org/file/21030/download
Burundi,24.8,https://desapublications.un.org/file/21030/download
Cabo Verde,801.6,https://desapublications.un.org/file/21030/download
Cambodia,780.4,https://desapublications.un.org/file/21030/download
Cameroon,276.1,https://desapublications.un.org/file/21030/download
Canada,13820,https://desapublications.un.org/file/21030/download
Cayman Islands,9652.3,https://desapublications.un.org/file/21030/download
Central African Republic,19.6,https://desapublications.un.org/file/21030/download
Chad,14.2,https://desapublications.un.org/file/21030/download
Chile,4058.6,https://desapublications.un.org/file/21030/download
China,5298.8,https://desapublications.un.org/file/21030/download
"China, Hong Kong Special Administrative Region",6008.8,https://desapublications.un.org/file/21030/download
"China, Macao Special Administrative Region",7456.5,https://desapublications.un.org/file/21030/download
Colombia,1356.8,https://desapublications.un.org/file/21030/download
Comoros,123.5,https://desapublications.un.org/file/21030/download
Congo,316.8,https://desapublications.un.org/file/21030/download
Cook Islands,2420.8,https://desapublications.un.org/file/21030/download
Costa Rica,2052.4,https://desapublications.un.org/file/21030/download
Côte d’Ivoire,316.2,https://desapublications.un.org/file/21030/download
Croatia,4157.8,https://desapublications.un.org/file/21030/download
Cuba,1195.9,https://desapublications.un.org/file/21030/download
Curaçao,4070.5,https://desapublications.un.org/file/21030/download
Cyprus,3649.3,https://desapublications.un.org/file/21030/download
Czechia,5493.4,https://desapublications.un.org/file/21030/download
Democratic People's Republic of Korea,734.6,https://desapublications.un.org/file/21030/download
Democratic Republic of the Congo,126.4,https://desapublications.un.org/file/21030/download
Denmark,5184.6,https://desapublications.un.org/file/21030/download
Djibouti,574.7,https://desapublications.un.org/file/21030/download
Dominica,2009.7,https://desapublications.un.org/file/21030/download
Dominican Republic,1719.5,https://desapublications.un.org/file/21030/download
Ecuador,1559.5,https://desapublications.un.org/file/21030/download
Egypt,1530.4,https://desapublications.un.org/file/21030/download
El Salvador,1140.4,https://desapublications.un.org/file/21030/download
Equatorial Guinea,852,https://desapublications.un.org/file/21030/download
Eritrea,96.4,https://desapublications.un.org/file/21030/download
Estonia,5289.8,https://desapublications.un.org/file/21030/download
Eswatini,1116.9,https://desapublications.un.org/file/21030/download
Ethiopia,89.4,https://desapublications.un.org/file/21030/download
Falkland Islands (Malvinas),5163.3,https://desapublications.un.org/file/21030/download
Faroe Islands,7318.6,https://desapublications.un.org/file/21030/download
Fiji,1045.5,https://desapublications.un.org/file/21030/download
Finland,13801.9,https://desapublications.un.org/file/21030/download
France,6051.8,https://desapublications.un.org/file/21030/download
French Polynesia,2294.8,https://desapublications.un.org/file/21030/download
Gabon,986.6,https://desapublications.un.org/file/21030/download
Gambia,145.8,https://desapublications.un.org/file/21030/download
Georgia,3527.3,https://desapublications.un.org/file/21030/download
Germany,5681.6,https://desapublications.un.org/file/21030/download
Ghana,528.4,https://desapublications.un.org/file/21030/download
Gibraltar,5323,https://desapublications.un.org/file/21030/download
Greece,4622.2,https://desapublications.un.org/file/21030/download
Greenland,7101.1,https://desapublications.un.org/file/21030/download
Grenada,1830.6,https://desapublications.un.org/file/21030/download
Guam,9384.7,https://desapublications.un.org/file/21030/download
Guatemala,630.4,https://desapublications.un.org/file/21030/download
Guernsey,5423.3,https://desapublications.un.org/file/21030/download
Guinea,196,https://desapublications.un.org/file/21030/download
Guinea-Bissau,82.5,https://desapublications.un.org/file/21030/download
Guyana,1085.6,https://desapublications.un.org/file/21030/download
Haiti,76.3,https://desapublications.un.org/file/21030/download
Honduras,726.8,https://desapublications.un.org/file/21030/download
Hungary,4269.4,https://desapublications.un.org/file/21030/download
Iceland,49620.2,https://desapublications.un.org/file/21030/download
India,984.5,https://desapublications.un.org/file/21030/download
Indonesia,1055,https://desapublications.un.org/file/21030/download
Iran (Islamic Republic of),3517.8,https://desapublications.un.org/file/21030/download
Iraq,1277.1,https://desapublications.un.org/file/21030/download
Ireland,6021.1,https://desapublications.un.org/file/21030/download
Isle of Man,4314.6,https://desapublications.un.org/file/21030/download
Israel,6986.7,https://desapublications.un.org/file/21030/download
Italy,4810.9,https://desapublications.un.org/file/21030/download
Jamaica,1190.4,https://desapublications.un.org/file/21030/download
Japan,7253.9,https://desapublications.un.org/file/21030/download
Jersey,5866.7,https://desapublications.un.org/file/21030/download
Jordan,1717.3,https://desapublications.un.org/file/21030/download
Kazakhstan,4150.9,https://desapublications.un.org/file/21030/download
Kenya,184.5,https://desapublications.un.org/file/21030/download
Kiribati,251.4,https://desapublications.un.org/file/21030/download
Kosovo,3325.5,https://desapublications.un.org/file/21030/download
Kuwait,10656.9,https://desapublications.un.org/file/21030/download
Kyrgyzstan,1888.1,https://desapublications.un.org/file/21030/download
Lao People's Democratic Republic,1464.2,https://desapublications.un.org/file/21030/download
Latvia,3435.5,https://desapublications.un.org/file/21030/download
Lebanon,1777.5,https://desapublications.un.org/file/21030/download
Lesotho,373.7,https://desapublications.un.org/file/21030/download
Liberia,59.2,https://desapublications.un.org/file/21030/download
Libya,3855.6,https://desapublications.un.org/file/21030/download
Liechtenstein,10481.5,https://desapublications.un.org/file/21030/download
Lithuania,3785.3,https://desapublications.un.org/file/21030/download
Luxembourg,9403.1,https://desapublications.un.org/file/21030/download
Madagascar,69.3,https://desapublications.un.org/file/21030/download
Malawi,83.4,https://desapublications.un.org/file/21030/download
Malaysia,4733.4,https://desapublications.un.org/file/21030/download
Maldives,2139.5,https://desapublications.un.org/file/21030/download
Mali,140,https://desapublications.un.org/file/21030/download
Malta,5099.5,https://desapublications.un.org/file/21030/download
Marshall Islands,1971.2,https://desapublications.un.org/file/21030/download
Mauritania,345,https://desapublications.un.org/file/21030/download
Mauritius,2262.3,https://desapublications.un.org/file/21030/download
Mexico,2332.5,https://desapublications.un.org/file/21030/download
Micronesia (Federated States of),600.3,https://desapublications.un.org/file/21030/download
Mongolia,2390.8,https://desapublications.un.org/file/21030/download
Montenegro,4237.1,https://desapublications.un.org/file/21030/download
Montserrat,2479.5,https://desapublications.un.org/file/21030/download
Morocco,964.9,https://desapublications.un.org/file/21030/download
Mozambique,384,https://desapublications.un.org/file/21030/download
Myanmar,318.6,https://desapublications.un.org/file/21030/download
Namibia,1119.5,https://desapublications.un.org/file/21030/download
Nauru,3119.4,https://desapublications.un.org/file/21030/download
Nepal,306.2,https://desapublications.un.org/file/21030/download
Netherlands (Kingdom of the),5796.7,https://desapublications.un.org/file/21030/download
New Caledonia,10770.2,https://desapublications.un.org/file/21030/download
New Zealand,7513.6,https://desapublications.un.org/file/21030/download
Nicaragua,579.9,https://desapublications.un.org/file/21030/download
Niger,55.1,https://desapublications.un.org/file/21030/download
Nigeria,144.5,https://desapublications.un.org/file/21030/download
Niue,1966,https://desapublications.un.org/file/21030/download
North Macedonia,3200.8,https://desapublications.un.org/file/21030/download
Northern Mariana Islands,5317.1,https://desapublications.un.org/file/21030/download
Norway,21084.8,https://desapublications.un.org/file/21030/download
Oman,7722,https://desapublications.un.org/file/21030/download
Other Asia,11121.4,https://desapublications.un.org/file/21030/download
Pakistan,436.4,https://desapublications.un.org/file/21030/download
Palau,4898.9,https://desapublications.un.org/file/21030/download
Panama,3379.9,https://desapublications.un.org/file/21030/download
Papua New Guinea,390.7,https://desapublications.un.org/file/21030/download
Paraguay,2134.9,https://desapublications.un.org/file/21030/download
Peru,1557.7,https://desapublications.un.org/file/21030/download
Philippines,801.4,https://desapublications.un.org/file/21030/download
Poland,3685.5,https://desapublications.un.org/file/21030/download
Portugal,4671.6,https://desapublications.un.org/file/21030/download
Puerto Rico,4839.1,https://desapublications.un.org/file/21030/download
Qatar,16663.8,https://desapublications.un.org/file/21030/download
Republic of Korea,10461.6,https://desapublications.un.org/file/21030/download
Republic of Moldova,1329.2,https://desapublications.un.org/file/21030/download
Romania,2229.4,https://desapublications.un.org/file/21030/download
Russian Federation,5652,https://desapublications.un.org/file/21030/download
Rwanda,67.8,https://desapublications.un.org/file/21030/download
Saint Barthélemy,11996.3,https://desapublications.un.org/file/21030/download
Saint Helena,1673.2,https://desapublications.un.org/file/21030/download
Saint Kitts and Nevis,4097.7,https://desapublications.un.org/file/21030/download
Saint Lucia,2090.1,https://desapublications.un.org/file/21030/download
Saint Martin (French Part),5898.9,https://desapublications.un.org/file/21030/download
Saint Pierre and Miquelon,8293.1,https://desapublications.un.org/file/21030/download
Saint Vincent and the Grenadines,1418.6,https://desapublications.un.org/file/21030/download
Samoa,713.5,https://desapublications.un.org/file/21030/download
Sao Tome and Principe,343.3,https://desapublications.un.org/file/21030/download
Saudi Arabia,9972,https://desapublications.un.org/file/21030/download
Senegal,384.6,https://desapublications.un.org/file/21030/download
Serbia,4267.4,https://desapublications.un.org/file/21030/download
Seychelles,3957,https://desapublications.un.org/file/21030/download
Sierra Leone,41.3,https://desapublications.un.org/file/21030/download
Singapore,9714.3,https://desapublications.un.org/file/21030/download
Sint Maarten (Dutch part),6677.9,https://desapublications.un.org/file/21030/download
Slovakia,4178.5,https://desapublications.un.org/file/21030/download
Slovenia,6165.2,https://desapublications.un.org/file/21030/download
Solomon Islands,107.9,https://desapublications.un.org/file/21030/download
Somalia,27.9,https://desapublications.un.org/file/21030/download
South Africa,2985.9,https://desapublications.un.org/file/21030/download
South Sudan,46.6,https://desapublications.un.org/file/21030/download
Spain,4691.1,https://desapublications.un.org/file/21030/download
Sri Lanka,655.2,https://desapublications.un.org/file/21030/download
State of Palestine,1365.6,https://desapublications.un.org/file/21030/download
Sudan,268.5,https://desapublications.un.org/file/21030/download
Suriname,2888.9,https://desapublications.un.org/file/21030/download
Sweden,11706.4,https://desapublications.un.org/file/21030/download
Switzerland,6486.5,https://desapublications.un.org/file/21030/download
Syrian Arab Republic,640.8,https://desapublications.un.org/file/21030/download
Tajikistan,1433.5,https://desapublications.un.org/file/21030/download
Thailand,3025.5,https://desapublications.un.org/file/21030/download
Timor-Leste,284.8,https://desapublications.un.org/file/21030/download
Togo,190,https://desapublications.un.org/file/21030/download
Tonga,661.6,https://desapublications.un.org/file/21030/download
Trinidad and Tobago,5786.3,https://desapublications.un.org/file/21030/download
Tunisia,1524.6,https://desapublications.un.org/file/21030/download
Türkiye,3242.4,https://desapublications.un.org/file/21030/download
Turkmenistan,2106.5,https://desapublications.un.org/file/21030/download
Turks and Caicos Islands,5354.8,https://desapublications.un.org/file/21030/download
Tuvalu,717.9,https://desapublications.un.org/file/21030/download
Uganda,83.3,https://desapublications.un.org/file/21030/download
Ukraine,1960.8,https://desapublications.un.org/file/21030/download
United Arab Emirates,13142.4,https://desapublications.un.org/file/21030/download
United Kingdom,4022.6,https://desapublications.un.org/file/21030/download
United Republic of Tanzania,118.2,https://desapublications.un.org/file/21030/download
United States,11730,https://desapublications.un.org/file/21030/download
United States Virgin Islands,7230.6,https://desapublications.un.org/file/21030/download
Uruguay,3464.7,https://desapublications.un.org/file/21030/download
Uzbekistan,1620.6,https://desapublications.un.org/file/21030/download
Vanuatu,243.4,https://desapublications.un.org/file/21030/download
Venezuela (Bolivarian Republic of),2409.8,https://desapublications.un.org/file/21030/download
Viet Nam,2261.7,https://desapublications.un.org/file/21030/download
Wallis and Futuna Islands,2060.8,https://desapublications.un.org/file/21030/download
Yemen,68.5,https://desapublications.un.org/file/21030/download
Zambia,683.7,https://desapublications.un.org/file/21030/download
Zimbabwe,573.7,https://desapublications.un.org/file/21030/download
